ctrl_id,experiment,sweep,pat#,pattern_name,test_instance_name,plist,n_reps,EHV0_MAX_mean,EHV0_MAX_median,EHV0_MAX_min,EHV0_MAX_max,EHV0_MAX_std,EHV0_P99_mean,EHV0_P95_mean
CTRL1,1,0,0,d1701150P0774509C_N1_B0Fmm00_PB0PCcZNC0909_B64mA1la0R0vxxxxxx_000A07fBIsc_xBCxxxXxxFgxxn_DM02_Custom_APX_FF282250_better_fix,IP_CBB::FUN_CORE_CBB::DRGMLCSBFT_CORE_VMIN_K_CHKCBBIAF1_HPTP_IA_X_F1_SIGOFF_SPEED,fun_core_drgmlc_vcccore_CHKCBBIAF1_speed_hiso_list,20,36.405,36.35,35.8,37.1,0.3943,36.28,36.095
CTRL1,1,0,1,d1682706P0420888C_N1_B0Fmm00_PB0PCcZNC0909_B64mA1la0R0vxxxxxx_000A07fBIsc_xBCxxxXxxFgxxn_DQ02_0Demo_55000171,IP_CBB::FUN_CORE_CBB::DRGMLCSBFT_CORE_VMIN_K_CHKCBBIAF1_HPTP_IA_X_F1_SIGOFF_SPEED,fun_core_drgmlc_vcccore_CHKCBBIAF1_speed_hiso_list,20,38.75,38.8,38.1,39.0,0.1936,37.845,32.655
CTRL1,1,0,2,d1684732P0421776C_N0_B0Fmm00_PB0PCcZNC0909_B64mA1la0R0vxxxxxx_000A07fBIsc_xBCxxxXxxFgxxn_DQ02_0Sanity_TSC_550002EA,IP_CBB::FUN_CORE_CBB::DRGMLCSBFT_CORE_VMIN_K_CHKCBBIAF1_HPTP_IA_X_F1_SIGOFF_SPEED,fun_core_drgmlc_vcccore_CHKCBBIAF1_speed_hiso_list,20,33.825,32.8,32.6,40.3,2.5294,33.025,32.52
CTRL1,1,0,3,d1682760P0420999C_N5_B0Fmm00_PB0PCcZNC0909_B64mA1la0R0vxxxxxx_000A07fBIsc_xBCxxxXxxFgxxn_DQ02_0SanityPR_P_550002F0,IP_CBB::FUN_CORE_CBB::DRGMLCSBFT_CORE_VMIN_K_CHKCBBIAF1_HPTP_IA_X_F1_SIGOFF_SPEED,fun_core_drgmlc_vcccore_CHKCBBIAF1_speed_hiso_list,20,33.97,32.55,32.0,41.9,3.0501,33.22,29.16
CTRL1,1,0,4,d1683744P0421332C_Nb_B0Fmm00_PB0PCcZNC0909_B64mA1la0R0vxxxxxx_000A07fBIsc_xBCxxxXxxFgxxn_DQ02_0Sanity_MEM_550002ED,IP_CBB::FUN_CORE_CBB::DRGMLCSBFT_CORE_VMIN_K_CHKCBBIAF1_HPTP_IA_X_F1_SIGOFF_SPEED,fun_core_drgmlc_vcccore_CHKCBBIAF1_speed_hiso_list,20,33.82,32.7,32.2,42.1,2.9094,33.365,30.83
CTRL1,1,0,5,d1682686P0420889C_N9_B0Fmm00_PB0PCcZNC0909_B64mA1la0R0vxxxxxx_000A07fBIsc_xBCxxxXxxFgxxn_DQ02_0Sanity_VMX_550002EB,IP_CBB::FUN_CORE_CBB::DRGMLCSBFT_CORE_VMIN_K_CHKCBBIAF1_HPTP_IA_X_F1_SIGOFF_SPEED,fun_core_drgmlc_vcccore_CHKCBBIAF1_speed_hiso_list,20,37.945,37.05,36.5,42.0,1.7045,36.815,33.06
CTRL1,1,0,6,d1683114P0421110C_Mz_B0Fmm00_PB0PCcZNC0909_B64mA1la0R0vxxxxxx_000A07fBIsc_xBCxxxXxxFgxxn_DQ02_0SanityPR_V_550002EF,IP_CBB::FUN_CORE_CBB::DRGMLCSBFT_CORE_VMIN_K_CHKCBBIAF1_HPTP_IA_X_F1_SIGOFF_SPEED,fun_core_drgmlc_vcccore_CHKCBBIAF1_speed_hiso_list,20,37.565,37.05,36.6,42.3,1.42,36.46,33.01
CTRL1,1,0,7,d1684149P0421443C_N2_B0Fmm00_PB0PCcZNC0909_B64mA1la0R0vxxxxxx_000A07fBIsc_xBCxxxXxxFgxxn_DQ02_0Sanity_MSR_550002EE,IP_CBB::FUN_CORE_CBB::DRGMLCSBFT_CORE_VMIN_K_CHKCBBIAF1_HPTP_IA_X_F1_SIGOFF_SPEED,fun_core_drgmlc_vcccore_CHKCBBIAF1_speed_hiso_list,20,34.36,33.0,32.8,41.8,2.8913,32.85,32.625
CTRL1,1,0,8,d1683471P0421221C_N2_B0Fmm00_PB0PCcZNC0909_B64mA1la0R0vxxxxxx_000A07fBIsc_xBCxxxXxxFgxxn_DQ02_0Sanity_ISA_550002EC,IP_CBB::FUN_CORE_CBB::DRGMLCSBFT_CORE_VMIN_K_CHKCBBIAF1_HPTP_IA_X_F1_SIGOFF_SPEED,fun_core_drgmlc_vcccore_CHKCBBIAF1_speed_hiso_list,20,33.63,32.8,32.7,39.7,2.0596,32.885,32.575
CTRL1,1,0,9,d1684394P0421554C_NZ_B0Fmm00_PB0PCcZNC0909_B64mA1la0R0vxxxxxx_000A07fBIsc_xBCxxxXxxFgxxn_DQ02_0Sanity_MUC_550002E8,IP_CBB::FUN_CORE_CBB::DRGMLCSBFT_CORE_VMIN_K_CHKCBBIAF1_HPTP_IA_X_F1_SIGOFF_SPEED,fun_core_drgmlc_vcccore_CHKCBBIAF1_speed_hiso_list,20,34.64,32.9,32.8,41.4,2.987,33.805,32.685
CTRL1,1,0,10,d1700360P0421919C_RJ_B0Fmm00_PB0PCcZNC0909_B64mA1la0R0vxxxxxx_000A07fBIsc_xBCxxxXxxFgxxn_DQ02_Blender_Z1J_55100063,IP_CBB::FUN_CORE_CBB::DRGMLCSBFT_CORE_VMIN_K_CHKCBBIAF1_HPTP_IA_X_F1_SIGOFF_SPEED,fun_core_drgmlc_vcccore_CHKCBBIAF1_speed_hiso_list,20,44.42,44.5,43.8,44.9,0.2768,43.01,34.435
CTRL1,1,0,11,d1683148P0421047C_RL_B0Fmm00_PB0PCcZNC0909_B64mA1la0R0vxxxxxx_000A07fBIsc_xBCxxxXxxFgxxn_DQ02_Blender_Z1J_5500007B,IP_CBB::FUN_CORE_CBB::DRGMLCSBFT_CORE_VMIN_K_CHKCBBIAF1_HPTP_IA_X_F1_SIGOFF_SPEED,fun_core_drgmlc_vcccore_CHKCBBIAF1_speed_hiso_list,20,42.2,42.45,38.7,42.7,0.8355,40.765,34.675
CTRL1,1,0,12,d1684185P0421417C_RI_B0Fmm00_PB0PCcZNC0909_B64mA1la0R0vxxxxxx_000A07fBIsc_xBCxxxXxxFgxxn_DQ02_Frenzy_X_550001E4,IP_CBB::FUN_CORE_CBB::DRGMLCSBFT_CORE_VMIN_K_CHKCBBIAF1_HPTP_IA_X_F1_SIGOFF_SPEED,fun_core_drgmlc_vcccore_CHKCBBIAF1_speed_hiso_list,20,41.355,41.2,40.8,43.2,0.4489,40.88,35.1
CTRL1,1,0,13,d1684474P0421551C_RL_B0Fmm00_PB0PCcZNC0909_B64mA1la0R0vxxxxxx_000A07fBIsc_xBCxxxXxxFgxxn_DQ02_LeekSpin_Y_550002A6,IP_CBB::FUN_CORE_CBB::DRGMLCSBFT_CORE_VMIN_K_CHKCBBIAF1_HPTP_IA_X_F1_SIGOFF_SPEED,fun_core_drgmlc_vcccore_CHKCBBIAF1_speed_hiso_list,20,45.005,44.95,42.7,48.9,1.7336,42.97,34.61
CTRL1,1,0,14,d1700809P0422454C_RL_B0Fmm00_PB0PCcZNC0909_B64mA1la0R0vxxxxxx_000A07fBIsc_xBCxxxXxxFgxxn_DQ02_LeekSpin_Y_551002A8,IP_CBB::FUN_CORE_CBB::DRGMLCSBFT_CORE_VMIN_K_CHKCBBIAF1_HPTP_IA_X_F1_SIGOFF_SPEED,fun_core_drgmlc_vcccore_CHKCBBIAF1_speed_hiso_list,20,40.67,41.25,38.1,43.1,1.7234,38.83,35.02
CTRL1,1,0,15,d1700351P0421886C_Qs_B0Fmm00_PB0PCcZNC0909_B64mA1la0R0vxxxxxx_000A07fBIsc_xBCxxxXxxFgxxn_DQ02_Blender_Z1J_55100029,IP_CBB::FUN_CORE_CBB::DRGMLCSBFT_CORE_VMIN_K_CHKCBBIAF1_HPTP_IA_X_F1_SIGOFF_SPEED,fun_core_drgmlc_vcccore_CHKCBBIAF1_speed_hiso_list,20,41.25,41.3,40.6,41.5,0.2037,40.445,33.335
CTRL1,1,0,16,d1684510P0421637C_No_B0Fmm00_PB0PCcZNC0909_B64mA1la0R0vxxxxxx_000A07fBIsc_xBCxxxXxxFgxxn_DQ02_Scylla_NDX_55000320,IP_CBB::FUN_CORE_CBB::DRGMLCSBFT_CORE_VMIN_K_CHKCBBIAF1_HPTP_IA_X_F1_SIGOFF_SPEED,fun_core_drgmlc_vcccore_CHKCBBIAF1_speed_hiso_list,20,40.86,40.8,39.6,42.1,0.5435,39.84,34.575
CTRL1,1,0,17,d1700577P0422258C_RL_B0Fmm00_PB0PCcZNC0909_B64mA1la0R0vxxxxxx_000A07fBIsc_xBCxxxXxxFgxxn_DQ02_Aes_DZ_5510000C,IP_CBB::FUN_CORE_CBB::DRGMLCSBFT_CORE_VMIN_K_CHKCBBIAF1_HPTP_IA_X_F1_SIGOFF_SPEED,fun_core_drgmlc_vcccore_CHKCBBIAF1_speed_hiso_list,20,44.555,44.65,41.7,47.9,1.46,43.035,35.28
CTRL1,1,0,18,d1700322P0421946C_RL_B0Fmm00_PB0PCcZNC0909_B64mA1la0R0vxxxxxx_000A07fBIsc_xBCxxxXxxFgxxn_DQ02_Blender_Z1J_5510008B,IP_CBB::FUN_CORE_CBB::DRGMLCSBFT_CORE_VMIN_K_CHKCBBIAF1_HPTP_IA_X_F1_SIGOFF_SPEED,fun_core_drgmlc_vcccore_CHKCBBIAF1_speed_hiso_list,20,42.285,41.95,41.5,44.3,0.8719,39.92,34.87
CTRL1,1,0,19,d1684770P0421691C_RL_B0Fmm00_PB0PCcZNC0909_B64mA1la0R0vxxxxxx_000A07fBIsc_xBCxxxXxxFgxxn_DQ02_Skipper_Y_5500033D,IP_CBB::FUN_CORE_CBB::DRGMLCSBFT_CORE_VMIN_K_CHKCBBIAF1_HPTP_IA_X_F1_SIGOFF_SPEED,fun_core_drgmlc_vcccore_CHKCBBIAF1_speed_hiso_list,20,44.625,44.8,43.3,45.5,0.6082,43.79,35.04
CTRL1,1,0,20,d1700290P0421951C_RL_B0Fmm00_PB0PCcZNC0909_B64mA1la0R0vxxxxxx_000A07fBIsc_xBCxxxXxxFgxxn_DQ02_Blender_Z1J_55100093,IP_CBB::FUN_CORE_CBB::DRGMLCSBFT_CORE_VMIN_K_CHKCBBIAF1_HPTP_IA_X_F1_SIGOFF_SPEED,fun_core_drgmlc_vcccore_CHKCBBIAF1_speed_hiso_list,20,42.655,42.65,41.4,44.1,0.6054,41.625,35.03
CTRL1,1,0,21,d1684319P0421655C_O2_B0Fmm00_PB0PCcZNC0909_B64mA1la0R0vxxxxxx_000A07fBIsc_xBCxxxXxxFgxxn_DQ02_Scylla_NDY_55000327,IP_CBB::FUN_CORE_CBB::DRGMLCSBFT_CORE_VMIN_K_CHKCBBIAF1_HPTP_IA_X_F1_SIGOFF_SPEED,fun_core_drgmlc_vcccore_CHKCBBIAF1_speed_hiso_list,20,42.49,42.6,41.2,43.3,0.4592,41.555,33.615
CTRL1,1,0,22,d1682933P0420925C_RL_B0Fmm00_PB0PCcZNC0909_B64mA1la0R0vxxxxxx_000A07fBIsc_xBCxxxXxxFgxxn_DQ02_Blender_A1J_5500010D,IP_CBB::FUN_CORE_CBB::DRGMLCSBFT_CORE_VMIN_K_CHKCBBIAF1_HPTP_IA_X_F1_SIGOFF_SPEED,fun_core_drgmlc_vcccore_CHKCBBIAF1_speed_hiso_list,20,45.58,47.15,42.3,47.9,2.3666,42.955,35.22
CTRL1,1,0,23,d1683992P0421356C_RL_B0Fmm00_PB0PCcZNC0909_B64mA1la0R0vxxxxxx_000A07fBIsc_xBCxxxXxxFgxxn_DQ02_FRM_SqrtSZ_55000273,IP_CBB::FUN_CORE_CBB::DRGMLCSBFT_CORE_VMIN_K_CHKCBBIAF1_HPTP_IA_X_F1_SIGOFF_SPEED,fun_core_drgmlc_vcccore_CHKCBBIAF1_speed_hiso_list,20,42.845,42.85,42.4,43.3,0.2854,42.32,34.77
CTRL1,1,0,24,d1684969P0421790C_RL_B0Fmm00_PB0PCcZNC0909_B64mA1la0R0vxxxxxx_000A07fBIsc_xBCxxxXxxFgxxn_DQ02_Blender_A1J_55000099,IP_CBB::FUN_CORE_CBB::DRGMLCSBFT_CORE_VMIN_K_CHKCBBIAF1_HPTP_IA_X_F1_SIGOFF_SPEED,fun_core_drgmlc_vcccore_CHKCBBIAF1_speed_hiso_list,20,43.65,43.3,42.8,45.2,0.7018,41.115,34.56
CTRL1,1,0,25,d1701070P0422519C_RL_B0Fmm00_PB0PCcZNC0909_B64mA1la0R0vxxxxxx_000A07fBIsc_xBCxxxXxxFgxxn_DQ02_Satsuma_Z_551002F2,IP_CBB::FUN_CORE_CBB::DRGMLCSBFT_CORE_VMIN_K_CHKCBBIAF1_HPTP_IA_X_F1_SIGOFF_SPEED,fun_core_drgmlc_vcccore_CHKCBBIAF1_speed_hiso_list,20,41.625,41.6,41.1,42.2,0.336,41.23,34.7
CTRL1,1,0,26,d1700801P0422468C_RL_B0Fmm00_PB0PCcZNC0909_B64mA1la0R0vxxxxxx_000A07fBIsc_xBCxxxXxxFgxxn_DQ02_LeekSpin_Z_5510029E,IP_CBB::FUN_CORE_CBB::DRGMLCSBFT_CORE_VMIN_K_CHKCBBIAF1_HPTP_IA_X_F1_SIGOFF_SPEED,fun_core_drgmlc_vcccore_CHKCBBIAF1_speed_hiso_list,20,42.775,43.0,39.8,44.9,1.5537,40.66,33.67
CTRL1,1,0,27,d1683139P0421038C_RL_B0Fmm00_PB0PCcZNC0909_B64mA1la0R0vxxxxxx_000A07fBIsc_xBCxxxXxxFgxxn_DQ02_Blender_Z1J_55000071,IP_CBB::FUN_CORE_CBB::DRGMLCSBFT_CORE_VMIN_K_CHKCBBIAF1_HPTP_IA_X_F1_SIGOFF_SPEED,fun_core_drgmlc_vcccore_CHKCBBIAF1_speed_hiso_list,20,44.875,45.05,43.5,45.9,0.7542,44.115,35.3
CTRL1,1,0,28,d1682942P0420998C_RJ_B0Fmm00_PB0PCcZNC0909_B64mA1la0R0vxxxxxx_000A07fBIsc_xBCxxxXxxFgxxn_DQ02_Blender_Z1J_55000035,IP_CBB::FUN_CORE_CBB::DRGMLCSBFT_CORE_VMIN_K_CHKCBBIAF1_HPTP_IA_X_F1_SIGOFF_SPEED,fun_core_drgmlc_vcccore_CHKCBBIAF1_speed_hiso_list,20,43.9,43.6,42.9,48.1,1.006,43.28,38.16
CTRL1,1,0,29,d1684369P0421610C_RL_B0Fmm00_PB0PCcZNC0909_B64mA1la0R0vxxxxxx_000A07fBIsc_xBCxxxXxxFgxxn_DQ02_Blender_A1J_55000048,IP_CBB::FUN_CORE_CBB::DRGMLCSBFT_CORE_VMIN_K_CHKCBBIAF1_HPTP_IA_X_F1_SIGOFF_SPEED,fun_core_drgmlc_vcccore_CHKCBBIAF1_speed_hiso_list,20,40.96,41.1,39.8,41.7,0.4609,39.85,33.385
CTRL1,1,0,30,d1700648P0422247C_RL_B0Fmm00_PB0PCcZNC0909_B64mA1la0R0vxxxxxx_000A07fBIsc_xBCxxxXxxFgxxn_DQ02_Aes_DZ_55100008,IP_CBB::FUN_CORE_CBB::DRGMLCSBFT_CORE_VMIN_K_CHKCBBIAF1_HPTP_IA_X_F1_SIGOFF_SPEED,fun_core_drgmlc_vcccore_CHKCBBIAF1_speed_hiso_list,20,43.64,43.85,39.6,50.2,2.4469,40.725,34.52
CTRL1,1,0,31,d1682976P0421009C_RJ_B0Fmm00_PB0PCcZNC0909_B64mA1la0R0vxxxxxx_000A07fBIsc_xBCxxxXxxFgxxn_DQ02_Blender_Z1J_55000047,IP_CBB::FUN_CORE_CBB::DRGMLCSBFT_CORE_VMIN_K_CHKCBBIAF1_HPTP_IA_X_F1_SIGOFF_SPEED,fun_core_drgmlc_vcccore_CHKCBBIAF1_speed_hiso_list,20,42.78,42.8,42.1,43.1,0.2421,41.895,34.83
CTRL1,1,0,32,d1683985P0421352C_RL_B0Fmm00_PB0PCcZNC0909_B64mA1la0R0vxxxxxx_000A07fBIsc_xBCxxxXxxFgxxn_DQ02_FRM_SqrtSZ_5500022B,IP_CBB::FUN_CORE_CBB::DRGMLCSBFT_CORE_VMIN_K_CHKCBBIAF1_HPTP_IA_X_F1_SIGOFF_SPEED,fun_core_drgmlc_vcccore_CHKCBBIAF1_speed_hiso_list,20,42.835,42.45,40.3,45.8,2.0239,40.08,34.645
CTRL1,1,0,33,d1684458P0421539C_RL_B0Fmm00_PB0PCcZNC0909_B64mA1la0R0vxxxxxx_000A07fBIsc_xBCxxxXxxFgxxn_DQ02_LeekSpin_X_550002B3,IP_CBB::FUN_CORE_CBB::DRGMLCSBFT_CORE_VMIN_K_CHKCBBIAF1_HPTP_IA_X_F1_SIGOFF_SPEED,fun_core_drgmlc_vcccore_CHKCBBIAF1_speed_hiso_list,20,42.155,42.05,40.1,47.0,2.1442,40.585,35.625
CTRL1,1,0,34,d1700669P0422260C_RL_B0Fmm00_PB0PCcZNC0909_B64mA1la0R0vxxxxxx_000A07fBIsc_xBCxxxXxxFgxxn_DQ02_FRM_SqrtSZ_55100263,IP_CBB::FUN_CORE_CBB::DRGMLCSBFT_CORE_VMIN_K_CHKCBBIAF1_HPTP_IA_X_F1_SIGOFF_SPEED,fun_core_drgmlc_vcccore_CHKCBBIAF1_speed_hiso_list,20,41.06,41.2,36.8,43.5,1.2253,40.375,34.8
CTRL1,1,0,35,d1684485P0421631C_Nt_B0Fmm00_PB0PCcZNC0909_B64mA1la0R0vxxxxxx_000A07fBIsc_xBCxxxXxxFgxxn_DQ02_Scylla_NDX_55000302,IP_CBB::FUN_CORE_CBB::DRGMLCSBFT_CORE_VMIN_K_CHKCBBIAF1_HPTP_IA_X_F1_SIGOFF_SPEED,fun_core_drgmlc_vcccore_CHKCBBIAF1_speed_hiso_list,20,40.775,41.0,39.7,41.8,0.6625,39.695,35.215
CTRL1,1,0,36,d1683272P0421101C_RK_B0Fmm00_PB0PCcZNC0909_B64mA1la0R0vxxxxxx_000A07fBIsc_xBCxxxXxxFgxxn_DQ02_Blender_Z1J_550000E2,IP_CBB::FUN_CORE_CBB::DRGMLCSBFT_CORE_VMIN_K_CHKCBBIAF1_HPTP_IA_X_F1_SIGOFF_SPEED,fun_core_drgmlc_vcccore_CHKCBBIAF1_speed_hiso_list,20,45.27,45.2,44.9,45.8,0.2326,44.095,34.765
CTRL1,1,0,37,d1682887P0420905C_RL_B0Fmm00_PB0PCcZNC0909_B64mA1la0R0vxxxxxx_000A07fBIsc_xBCxxxXxxFgxxn_DQ02_Blender_A1J_550000E3,IP_CBB::FUN_CORE_CBB::DRGMLCSBFT_CORE_VMIN_K_CHKCBBIAF1_HPTP_IA_X_F1_SIGOFF_SPEED,fun_core_drgmlc_vcccore_CHKCBBIAF1_speed_hiso_list,20,41.7,42.65,39.7,43.3,1.2973,40.3,35.255
CTRL1,1,0,38,d1683232P0421076C_RL_B0Fmm00_PB0PCcZNC0909_B64mA1la0R0vxxxxxx_000A07fBIsc_xBCxxxXxxFgxxn_DQ02_Blender_Z1J_550000B5,IP_CBB::FUN_CORE_CBB::DRGMLCSBFT_CORE_VMIN_K_CHKCBBIAF1_HPTP_IA_X_F1_SIGOFF_SPEED,fun_core_drgmlc_vcccore_CHKCBBIAF1_speed_hiso_list,20,47.91,47.9,47.1,48.6,0.3129,46.055,34.83
CTRL1,1,0,39,d1701139P0422605C_RL_B0Fmm00_PB0PCcZNC0909_B64mA1la0R0vxxxxxx_000A07fBIsc_xBCxxxXxxFgxxn_DQ02_Skipper_Z_55100334,IP_CBB::FUN_CORE_CBB::DRGMLCSBFT_CORE_VMIN_K_CHKCBBIAF1_HPTP_IA_X_F1_SIGOFF_SPEED,fun_core_drgmlc_vcccore_CHKCBBIAF1_speed_hiso_list,20,44.885,44.9,44.4,45.4,0.2707,44.49,36.085
CTRL1,1,0,40,d1700291P0421800C_RL_B0Fmm00_PB0PCcZNC0909_B64mA1la0R0vxxxxxx_000A07fBIsc_xBCxxxXxxFgxxn_DQ02_Blender_A1J_551000BF,IP_CBB::FUN_CORE_CBB::DRGMLCSBFT_CORE_VMIN_K_CHKCBBIAF1_HPTP_IA_X_F1_SIGOFF_SPEED,fun_core_drgmlc_vcccore_CHKCBBIAF1_speed_hiso_list,20,42.525,42.5,41.8,43.0,0.2662,41.58,34.795
CTRL1,1,0,41,d1684234P0421444C_RL_B0Fmm00_PB0PCcZNC0909_B64mA1la0R0vxxxxxx_000A07fBIsc_xBCxxxXxxFgxxn_DQ02_Aes_SDZ_5500000E,IP_CBB::FUN_CORE_CBB::DRGMLCSBFT_CORE_VMIN_K_CHKCBBIAF1_HPTP_IA_X_F1_SIGOFF_SPEED,fun_core_drgmlc_vcccore_CHKCBBIAF1_speed_hiso_list,20,43.53,43.5,42.9,44.4,0.3703,42.435,38.565
CTRL1,1,0,42,d1700759P0422194C_RL_B0Fmm00_PB0PCcZNC0909_B64mA1la0R0vxxxxxx_000A07fBIsc_xBCxxxXxxFgxxn_DQ02_FRM_CMultSZ_55100232,IP_CBB::FUN_CORE_CBB::DRGMLCSBFT_CORE_VMIN_K_CHKCBBIAF1_HPTP_IA_X_F1_SIGOFF_SPEED,fun_core_drgmlc_vcccore_CHKCBBIAF1_speed_hiso_list,20,44.16,44.1,43.2,45.1,0.6406,43.035,35.03
CTRL1,1,0,43,d1700349P0421917C_RL_B0Fmm00_PB0PCcZNC0909_B64mA1la0R0vxxxxxx_000A07fBIsc_xBCxxxXxxFgxxn_DQ02_Blender_Z1J_5510005E,IP_CBB::FUN_CORE_CBB::DRGMLCSBFT_CORE_VMIN_K_CHKCBBIAF1_HPTP_IA_X_F1_SIGOFF_SPEED,fun_core_drgmlc_vcccore_CHKCBBIAF1_speed_hiso_list,20,44.205,44.25,43.7,44.6,0.2837,42.51,33.335
CTRL1,1,0,44,d1683290P0421108C_Qr_B0Fmm00_PB0PCcZNC0909_B64mA1la0R0vxxxxxx_000A07fBIsc_xBCxxxXxxFgxxn_DQ02_Blender_Z1J_550000F1,IP_CBB::FUN_CORE_CBB::DRGMLCSBFT_CORE_VMIN_K_CHKCBBIAF1_HPTP_IA_X_F1_SIGOFF_SPEED,fun_core_drgmlc_vcccore_CHKCBBIAF1_speed_hiso_list,20,45.02,45.3,43.6,46.3,0.8022,42.66,34.92
CTRL1,1,0,45,d1700448P0421846C_RL_B0Fmm00_PB0PCcZNC0909_B64mA1la0R0vxxxxxx_000A07fBIsc_xBCxxxXxxFgxxn_DQ02_Blender_W1J_5510009A,IP_CBB::FUN_CORE_CBB::DRGMLCSBFT_CORE_VMIN_K_CHKCBBIAF1_HPTP_IA_X_F1_SIGOFF_SPEED,fun_core_drgmlc_vcccore_CHKCBBIAF1_speed_hiso_list,20,40.37,40.1,38.1,44.3,1.3723,39.175,35.035
CTRL1,1,0,46,d1683131P0421048C_RH_B0Fmm00_PB0PCcZNC0909_B64mA1la0R0vxxxxxx_000A07fBIsc_xBCxxxXxxFgxxn_DQ02_Blender_Z1J_5500007C,IP_CBB::FUN_CORE_CBB::DRGMLCSBFT_CORE_VMIN_K_CHKCBBIAF1_HPTP_IA_X_F1_SIGOFF_SPEED,fun_core_drgmlc_vcccore_CHKCBBIAF1_speed_hiso_list,20,42.28,42.4,39.0,43.0,0.8298,41.19,33.565
CTRL1,1,0,47,d1700303P0421975C_Qu_B0Fmm00_PB0PCcZNC0909_B64mA1la0R0vxxxxxx_000A07fBIsc_xBCxxxXxxFgxxn_DQ02_Blender_Z1J_551000BE,IP_CBB::FUN_CORE_CBB::DRGMLCSBFT_CORE_VMIN_K_CHKCBBIAF1_HPTP_IA_X_F1_SIGOFF_SPEED,fun_core_drgmlc_vcccore_CHKCBBIAF1_speed_hiso_list,20,43.075,43.0,42.5,43.7,0.2964,42.88,34.825
CTRL1,1,0,48,d1683276P0421068C_RL_B0Fmm00_PB0PCcZNC0909_B64mA1la0R0vxxxxxx_000A07fBIsc_xBCxxxXxxFgxxn_DQ02_Blender_Z1J_550000A5,IP_CBB::FUN_CORE_CBB::DRGMLCSBFT_CORE_VMIN_K_CHKCBBIAF1_HPTP_IA_X_F1_SIGOFF_SPEED,fun_core_drgmlc_vcccore_CHKCBBIAF1_speed_hiso_list,20,44.43,44.5,43.9,44.9,0.2648,42.925,34.85
CTRL1,1,0,49,d1700763P0422302C_RL_B0Fmm00_PB0PCcZNC0909_B64mA1la0R0vxxxxxx_000A07fBIsc_xBCxxxXxxFgxxn_DQ02_Aes_FZ_5510000D,IP_CBB::FUN_CORE_CBB::DRGMLCSBFT_CORE_VMIN_K_CHKCBBIAF1_HPTP_IA_X_F1_SIGOFF_SPEED,fun_core_drgmlc_vcccore_CHKCBBIAF1_speed_hiso_list,20,44.97,44.3,43.9,53.6,2.23,43.795,34.66
CTRL1,1,0,50,d1700294P0421799C_RL_B0Fmm00_PB0PCcZNC0909_B64mA1la0R0vxxxxxx_000A07fBIsc_xBCxxxXxxFgxxn_DQ02_Blender_A1J_551000BC,IP_CBB::FUN_CORE_CBB::DRGMLCSBFT_CORE_VMIN_K_CHKCBBIAF1_HPTP_IA_X_F1_SIGOFF_SPEED,fun_core_drgmlc_vcccore_CHKCBBIAF1_speed_hiso_list,20,44.47,44.95,40.2,46.9,1.9877,40.34,33.16
CTRL1,1,0,51,d1700461P0422008C_RL_B0Fmm00_PB0PCcZNC0909_B64mA1la0R0vxxxxxx_000A07fBIsc_xBCxxxXxxFgxxn_DQ02_Blender_Z1J_551000EC,IP_CBB::FUN_CORE_CBB::DRGMLCSBFT_CORE_VMIN_K_CHKCBBIAF1_HPTP_IA_X_F1_SIGOFF_SPEED,fun_core_drgmlc_vcccore_CHKCBBIAF1_speed_hiso_list,20,43.485,44.1,39.3,45.8,2.016,41.755,35.0
CTRL1,1,0,52,d1700618P0422149C_RL_B0Fmm00_PB0PCcZNC0909_B64mA1la0R0vxxxxxx_000A07fBIsc_xBCxxxXxxFgxxn_DQ02_Ditto_MACZ_55100173,IP_CBB::FUN_CORE_CBB::DRGMLCSBFT_CORE_VMIN_K_CHKCBBIAF1_HPTP_IA_X_F1_SIGOFF_SPEED,fun_core_drgmlc_vcccore_CHKCBBIAF1_speed_hiso_list,20,45.63,45.55,45.1,46.1,0.3303,44.59,34.72
CTRL1,1,0,53,d1700638P0422215C_RL_B0Fmm00_PB0PCcZNC0909_B64mA1la0R0vxxxxxx_000A07fBIsc_xBCxxxXxxFgxxn_DQ02_FRM_DivDZ_55100239,IP_CBB::FUN_CORE_CBB::DRGMLCSBFT_CORE_VMIN_K_CHKCBBIAF1_HPTP_IA_X_F1_SIGOFF_SPEED,fun_core_drgmlc_vcccore_CHKCBBIAF1_speed_hiso_list,20,43.455,44.3,41.3,45.6,1.6299,40.645,34.955
CTRL1,1,0,54,d1684899P0421719C_RL_B0Fmm00_PB0PCcZNC0909_B64mA1la0R0vxxxxxx_000A07fBIsc_xBCxxxXxxFgxxn_DQ02_Twiddle_3Y_55000353,IP_CBB::FUN_CORE_CBB::DRGMLCSBFT_CORE_VMIN_K_CHKCBBIAF1_HPTP_IA_X_F1_SIGOFF_SPEED,fun_core_drgmlc_vcccore_CHKCBBIAF1_speed_hiso_list,20,41.985,41.25,38.0,47.0,3.5269,38.915,33.975
CTRL1,1,0,55,d1684176P0421434C_RI_B0Fmm00_PB0PCcZNC0909_B64mA1la0R0vxxxxxx_000A07fBIsc_xBCxxxXxxFgxxn_DQ02_Frenzy_Y_550001E3,IP_CBB::FUN_CORE_CBB::DRGMLCSBFT_CORE_VMIN_K_CHKCBBIAF1_HPTP_IA_X_F1_SIGOFF_SPEED,fun_core_drgmlc_vcccore_CHKCBBIAF1_speed_hiso_list,20,40.83,40.85,40.3,42.0,0.3756,40.385,35.595
CTRL1,1,0,56,d1684596P0421608C_Qr_B0Fmm00_PB0PCcZNC0909_B64mA1la0R0vxxxxxx_000A07fBIsc_xBCxxxXxxFgxxn_DQ02_PlusOne_Pd_550002E2,IP_CBB::FUN_CORE_CBB::DRGMLCSBFT_CORE_VMIN_K_CHKCBBIAF1_HPTP_IA_X_F1_SIGOFF_SPEED,fun_core_drgmlc_vcccore_CHKCBBIAF1_speed_hiso_list,20,52.255,53.05,38.1,53.7,3.2797,50.875,34.975
CTRL1,1,0,57,d1700354P0421817C_RL_B0Fmm00_PB0PCcZNC0909_B64mA1la0R0vxxxxxx_000A07fBIsc_xBCxxxXxxFgxxn_DQ02_Blender_A1J_55100105,IP_CBB::FUN_CORE_CBB::DRGMLCSBFT_CORE_VMIN_K_CHKCBBIAF1_HPTP_IA_X_F1_SIGOFF_SPEED,fun_core_drgmlc_vcccore_CHKCBBIAF1_speed_hiso_list,20,43.38,43.85,41.7,44.7,1.1093,41.885,34.665
CTRL1,1,0,58,d1683872P0421302C_RL_B0Fmm00_PB0PCcZNC0909_B64mA1la0R0vxxxxxx_000A07fBIsc_xBCxxxXxxFgxxn_DQ02_FRM_CvtISZ_55000238,IP_CBB::FUN_CORE_CBB::DRGMLCSBFT_CORE_VMIN_K_CHKCBBIAF1_HPTP_IA_X_F1_SIGOFF_SPEED,fun_core_drgmlc_vcccore_CHKCBBIAF1_speed_hiso_list,20,44.98,44.8,43.6,46.3,0.8091,41.835,34.615
CTRL1,1,0,59,d1700374P0421965C_RF_B0Fmm00_PB0PCcZNC0909_B64mA1la0R0vxxxxxx_000A07fBIsc_xBCxxxXxxFgxxn_DQ02_Blender_Z1J_551000AC,IP_CBB::FUN_CORE_CBB::DRGMLCSBFT_CORE_VMIN_K_CHKCBBIAF1_HPTP_IA_X_F1_SIGOFF_SPEED,fun_core_drgmlc_vcccore_CHKCBBIAF1_speed_hiso_list,20,43.635,43.7,42.8,44.2,0.3214,41.83,35.115
CTRL1,1,0,60,d1700463P0422006C_RL_B0Fmm00_PB0PCcZNC0909_B64mA1la0R0vxxxxxx_000A07fBIsc_xBCxxxXxxFgxxn_DQ02_Blender_Z1J_551000E9,IP_CBB::FUN_CORE_CBB::DRGMLCSBFT_CORE_VMIN_K_CHKCBBIAF1_HPTP_IA_X_F1_SIGOFF_SPEED,fun_core_drgmlc_vcccore_CHKCBBIAF1_speed_hiso_list,20,42.525,41.9,40.5,48.1,2.0445,40.735,35.38
CTRL1,1,0,61,d1683166P0421051C_RL_B0Fmm00_PB0PCcZNC0909_B64mA1la0R0vxxxxxx_000A07fBIsc_xBCxxxXxxFgxxn_DQ02_Blender_Z1J_55000080,IP_CBB::FUN_CORE_CBB::DRGMLCSBFT_CORE_VMIN_K_CHKCBBIAF1_HPTP_IA_X_F1_SIGOFF_SPEED,fun_core_drgmlc_vcccore_CHKCBBIAF1_speed_hiso_list,20,46.09,46.5,42.7,47.1,1.2235,44.04,34.635
CTRL1,1,0,62,d1700474P0422012C_RJ_B0Fmm00_PB0PCcZNC0909_B64mA1la0R0vxxxxxx_000A07fBIsc_xBCxxxXxxFgxxn_DQ02_Blender_Z1J_551000F2,IP_CBB::FUN_CORE_CBB::DRGMLCSBFT_CORE_VMIN_K_CHKCBBIAF1_HPTP_IA_X_F1_SIGOFF_SPEED,fun_core_drgmlc_vcccore_CHKCBBIAF1_speed_hiso_list,20,40.865,40.85,40.6,41.4,0.1931,40.6,34.155
CTRL1,1,0,63,d1682996P0420907C_RG_B0Fmm00_PB0PCcZNC0909_B64mA1la0R0vxxxxxx_000A07fBIsc_xBCxxxXxxFgxxn_DQ02_Blender_A1J_550000E6,IP_CBB::FUN_CORE_CBB::DRGMLCSBFT_CORE_VMIN_K_CHKCBBIAF1_HPTP_IA_X_F1_SIGOFF_SPEED,fun_core_drgmlc_vcccore_CHKCBBIAF1_speed_hiso_list,20,41.76,41.5,38.8,45.2,2.1687,39.385,34.665
CTRL1,1,0,64,d1700377P0421806C_RL_B0Fmm00_PB0PCcZNC0909_B64mA1la0R0vxxxxxx_000A07fBIsc_xBCxxxXxxFgxxn_DQ02_Blender_A1J_551000D6,IP_CBB::FUN_CORE_CBB::DRGMLCSBFT_CORE_VMIN_K_CHKCBBIAF1_HPTP_IA_X_F1_SIGOFF_SPEED,fun_core_drgmlc_vcccore_CHKCBBIAF1_speed_hiso_list,20,44.22,44.4,43.0,45.1,0.6623,43.33,36.83
CTRL1,1,0,65,d1684470P0421550C_RL_B0Fmm00_PB0PCcZNC0909_B64mA1la0R0vxxxxxx_000A07fBIsc_xBCxxxXxxFgxxn_DQ02_LeekSpin_Y_550002A3,IP_CBB::FUN_CORE_CBB::DRGMLCSBFT_CORE_VMIN_K_CHKCBBIAF1_HPTP_IA_X_F1_SIGOFF_SPEED,fun_core_drgmlc_vcccore_CHKCBBIAF1_speed_hiso_list,20,39.735,39.05,38.4,44.6,1.8499,38.97,34.895
CTRL1,1,0,66,d1683890P0421315C_RL_B0Fmm00_PB0PCcZNC0909_B64mA1la0R0vxxxxxx_000A07fBIsc_xBCxxxXxxFgxxn_DQ02_FRM_DivSZ_55000237,IP_CBB::FUN_CORE_CBB::DRGMLCSBFT_CORE_VMIN_K_CHKCBBIAF1_HPTP_IA_X_F1_SIGOFF_SPEED,fun_core_drgmlc_vcccore_CHKCBBIAF1_speed_hiso_list,20,45.045,45.2,44.0,45.8,0.4544,43.505,34.21
CTRL1,1,0,67,d1700269P0421931C_RL_B0Fmm00_PB0PCcZNC0909_B64mA1la0R0vxxxxxx_000A07fBIsc_xBCxxxXxxFgxxn_DQ02_Blender_Z1J_55100078,IP_CBB::FUN_CORE_CBB::DRGMLCSBFT_CORE_VMIN_K_CHKCBBIAF1_HPTP_IA_X_F1_SIGOFF_SPEED,fun_core_drgmlc_vcccore_CHKCBBIAF1_speed_hiso_list,20,44.45,44.95,40.9,49.7,2.1889,42.055,36.4
CTRL1,1,0,68,d1684500P0421635C_No_B0Fmm00_PB0PCcZNC0909_B64mA1la0R0vxxxxxx_000A07fBIsc_xBCxxxXxxFgxxn_DQ02_Scylla_NDX_55000314,IP_CBB::FUN_CORE_CBB::DRGMLCSBFT_CORE_VMIN_K_CHKCBBIAF1_HPTP_IA_X_F1_SIGOFF_SPEED,fun_core_drgmlc_vcccore_CHKCBBIAF1_speed_hiso_list,20,40.825,40.65,40.0,42.6,0.6722,39.89,33.81
CTRL1,1,0,69,d1700431P0421837C_RL_B0Fmm00_PB0PCcZNC0909_B64mA1la0R0vxxxxxx_000A07fBIsc_xBCxxxXxxFgxxn_DQ02_Blender_W1J_55100067,IP_CBB::FUN_CORE_CBB::DRGMLCSBFT_CORE_VMIN_K_CHKCBBIAF1_HPTP_IA_X_F1_SIGOFF_SPEED,fun_core_drgmlc_vcccore_CHKCBBIAF1_speed_hiso_list,20,43.17,43.1,42.9,43.8,0.2193,42.42,34.0
CTRL1,1,0,70,d1684202P0421447C_RL_B0Fmm00_PB0PCcZNC0909_B64mA1la0R0vxxxxxx_000A07fBIsc_xBCxxxXxxFgxxn_DQ02_Frenzy_Y_5500021A,IP_CBB::FUN_CORE_CBB::DRGMLCSBFT_CORE_VMIN_K_CHKCBBIAF1_HPTP_IA_X_F1_SIGOFF_SPEED,fun_core_drgmlc_vcccore_CHKCBBIAF1_speed_hiso_list,20,40.9,40.65,40.3,43.2,0.6253,40.465,35.125
CTRL1,1,0,71,d1684292P0421648C_Nw_B0Fmm00_PB0PCcZNC0909_B64mA1la0R0vxxxxxx_000A07fBIsc_xBCxxxXxxFgxxn_DQ02_Scylla_NDY_55000315,IP_CBB::FUN_CORE_CBB::DRGMLCSBFT_CORE_VMIN_K_CHKCBBIAF1_HPTP_IA_X_F1_SIGOFF_SPEED,fun_core_drgmlc_vcccore_CHKCBBIAF1_speed_hiso_list,20,42.94,43.05,40.8,44.9,1.048,41.685,34.475
CTRL1,1,0,72,d1700588P0422221C_RL_B0Fmm00_PB0PCcZNC0909_B64mA1la0R0vxxxxxx_000A07fBIsc_xBCxxxXxxFgxxn_DQ02_FRM_DivSZ_5510023F,IP_CBB::FUN_CORE_CBB::DRGMLCSBFT_CORE_VMIN_K_CHKCBBIAF1_HPTP_IA_X_F1_SIGOFF_SPEED,fun_core_drgmlc_vcccore_CHKCBBIAF1_speed_hiso_list,20,45.165,45.2,44.7,45.6,0.233,44.34,35.365
CTRL1,1,0,73,d1683982P0421329C_RL_B0Fmm00_PB0PCcZNC0909_B64mA1la0R0vxxxxxx_000A07fBIsc_xBCxxxXxxFgxxn_DQ02_FRM_MMulSSZ_55000244,IP_CBB::FUN_CORE_CBB::DRGMLCSBFT_CORE_VMIN_K_CHKCBBIAF1_HPTP_IA_X_F1_SIGOFF_SPEED,fun_core_drgmlc_vcccore_CHKCBBIAF1_speed_hiso_list,20,42.84,42.8,42.2,44.3,0.442,41.92,34.61
CTRL1,1,0,74,d1700764P0422401C_RL_B0Fmm00_PB0PCcZNC0909_B64mA1la0R0vxxxxxx_000A07fBIsc_xBCxxxXxxFgxxn_DQ02_Fuso_5510027B,IP_CBB::FUN_CORE_CBB::DRGMLCSBFT_CORE_VMIN_K_CHKCBBIAF1_HPTP_IA_X_F1_SIGOFF_SPEED,fun_core_drgmlc_vcccore_CHKCBBIAF1_speed_hiso_list,20,42.35,42.35,42.0,42.6,0.1323,42.14,34.665
CTRL1,1,0,75,d1682993P0420894C_RL_B0Fmm00_PB0PCcZNC0909_B64mA1la0R0vxxxxxx_000A07fBIsc_xBCxxxXxxFgxxn_DQ02_Blender_A1J_550000AB,IP_CBB::FUN_CORE_CBB::DRGMLCSBFT_CORE_VMIN_K_CHKCBBIAF1_HPTP_IA_X_F1_SIGOFF_SPEED,fun_core_drgmlc_vcccore_CHKCBBIAF1_speed_hiso_list,20,46.955,47.1,45.9,48.0,0.6415,44.26,34.91
CTRL1,1,0,76,d1684581P0421566C_RL_B0Fmm00_PB0PCcZNC0909_B64mA1la0R0vxxxxxx_000A07fBIsc_xBCxxxXxxFgxxn_DQ02_Blender_A1J_5500003E,IP_CBB::FUN_CORE_CBB::DRGMLCSBFT_CORE_VMIN_K_CHKCBBIAF1_HPTP_IA_X_F1_SIGOFF_SPEED,fun_core_drgmlc_vcccore_CHKCBBIAF1_speed_hiso_list,20,43.15,43.6,40.2,44.1,1.1347,42.25,35.185
CTRL1,1,0,77,d1700805P0422460C_RL_B0Fmm00_PB0PCcZNC0909_B64mA1la0R0vxxxxxx_000A07fBIsc_xBCxxxXxxFgxxn_DQ02_LeekSpin_Y_551002B4,IP_CBB::FUN_CORE_CBB::DRGMLCSBFT_CORE_VMIN_K_CHKCBBIAF1_HPTP_IA_X_F1_SIGOFF_SPEED,fun_core_drgmlc_vcccore_CHKCBBIAF1_speed_hiso_list,20,42.575,42.3,40.2,46.0,1.8487,40.41,34.97
CTRL1,1,0,78,d1700992P0422643C_Qv_B0Fmm00_PB0PCcZNC0909_B64mA1la0R0vxxxxxx_000A07fBIsc_xBCxxxXxxFgxxn_DQ02_Yakko_WdZ_5510035D,IP_CBB::FUN_CORE_CBB::DRGMLCSBFT_CORE_VMIN_K_CHKCBBIAF1_HPTP_IA_X_F1_SIGOFF_SPEED,fun_core_drgmlc_vcccore_CHKCBBIAF1_speed_hiso_list,20,39.785,39.7,38.8,43.0,0.8138,38.74,34.415
CTRL1,1,0,79,d1700295P0421874C_RL_B0Fmm00_PB0PCcZNC0909_B64mA1la0R0vxxxxxx_000A07fBIsc_xBCxxxXxxFgxxn_DQ02_Blender_W1J_55100112,IP_CBB::FUN_CORE_CBB::DRGMLCSBFT_CORE_VMIN_K_CHKCBBIAF1_HPTP_IA_X_F1_SIGOFF_SPEED,fun_core_drgmlc_vcccore_CHKCBBIAF1_speed_hiso_list,20,45.87,45.8,45.5,47.3,0.3743,44.505,34.835
CTRL1,1,0,80,d1684351P0421508C_RL_B0Fmm00_PB0PCcZNC0909_B64mA1la0R0vxxxxxx_000A07fBIsc_xBCxxxXxxFgxxn_DQ02_Fuso_55000284,IP_CBB::FUN_CORE_CBB::DRGMLCSBFT_CORE_VMIN_K_CHKCBBIAF1_HPTP_IA_X_F1_SIGOFF_SPEED,fun_core_drgmlc_vcccore_CHKCBBIAF1_speed_hiso_list,20,43.15,43.15,42.7,43.6,0.2419,42.465,34.115
CTRL1,1,0,81,d1701119P0422659C_Qp_B0Fmm00_PB0PCcZNC0909_B64mA1la0R0vxxxxxx_000A07fBIsc_xBCxxxXxxFgxxn_DQ02_Yakko_WhZ_5510035B,IP_CBB::FUN_CORE_CBB::DRGMLCSBFT_CORE_VMIN_K_CHKCBBIAF1_HPTP_IA_X_F1_SIGOFF_SPEED,fun_core_drgmlc_vcccore_CHKCBBIAF1_speed_hiso_list,20,40.835,40.9,39.8,41.1,0.2762,39.67,34.99
CTRL1,1,0,82,d1684735P0421674C_RL_B0Fmm00_PB0PCcZNC0909_B64mA1la0R0vxxxxxx_000A07fBIsc_xBCxxxXxxFgxxn_DQ02_Scylla_SNDY_55000319,IP_CBB::FUN_CORE_CBB::DRGMLCSBFT_CORE_VMIN_K_CHKCBBIAF1_HPTP_IA_X_F1_SIGOFF_SPEED,fun_core_drgmlc_vcccore_CHKCBBIAF1_speed_hiso_list,20,43.065,43.3,41.9,43.9,0.5461,42.065,34.51
CTRL1,1,0,83,d1700296P0421954C_RL_B0Fmm00_PB0PCcZNC0909_B64mA1la0R0vxxxxxx_000A07fBIsc_xBCxxxXxxFgxxn_DQ02_Blender_Z1J_55100096,IP_CBB::FUN_CORE_CBB::DRGMLCSBFT_CORE_VMIN_K_CHKCBBIAF1_HPTP_IA_X_F1_SIGOFF_SPEED,fun_core_drgmlc_vcccore_CHKCBBIAF1_speed_hiso_list,20,40.645,40.55,40.1,42.5,0.4873,39.615,34.575
CTRL1,1,0,84,d1682892P0420951C_RL_B0Fmm00_PB0PCcZNC0909_B64mA1la0R0vxxxxxx_000A07fBIsc_xBCxxxXxxFgxxn_DQ02_Blender_W1J_5500007A,IP_CBB::FUN_CORE_CBB::DRGMLCSBFT_CORE_VMIN_K_CHKCBBIAF1_HPTP_IA_X_F1_SIGOFF_SPEED,fun_core_drgmlc_vcccore_CHKCBBIAF1_speed_hiso_list,20,44.43,44.4,44.1,44.9,0.2076,43.49,35.18
CTRL1,1,0,85,d1700670P0422174C_RL_B0Fmm00_PB0PCcZNC0909_B64mA1la0R0vxxxxxx_000A07fBIsc_xBCxxxXxxFgxxn_DQ02_FRM_AddDZ_55100268,IP_CBB::FUN_CORE_CBB::DRGMLCSBFT_CORE_VMIN_K_CHKCBBIAF1_HPTP_IA_X_F1_SIGOFF_SPEED,fun_core_drgmlc_vcccore_CHKCBBIAF1_speed_hiso_list,20,42.22,42.3,41.7,42.6,0.2482,40.24,34.705
CTRL1,1,0,86,d1682889P0420981C_RK_B0Fmm00_PB0PCcZNC0909_B64mA1la0R0vxxxxxx_000A07fBIsc_xBCxxxXxxFgxxn_DQ02_Blender_W1J_550000E9,IP_CBB::FUN_CORE_CBB::DRGMLCSBFT_CORE_VMIN_K_CHKCBBIAF1_HPTP_IA_X_F1_SIGOFF_SPEED,fun_core_drgmlc_vcccore_CHKCBBIAF1_speed_hiso_list,20,41.925,41.9,41.4,42.7,0.2896,40.955,34.485
CTRL1,1,0,87,d1700965P0422485C_RL_B0Fmm00_PB0PCcZNC0909_B64mA1la0R0vxxxxxx_000A07fBIsc_xBCxxxXxxFgxxn_DQ02_Oakley_LegX_551002CA,IP_CBB::FUN_CORE_CBB::DRGMLCSBFT_CORE_VMIN_K_CHKCBBIAF1_HPTP_IA_X_F1_SIGOFF_SPEED,fun_core_drgmlc_vcccore_CHKCBBIAF1_speed_hiso_list,20,40.525,40.55,39.0,42.5,0.9132,39.725,35.95
CTRL1,1,0,88,d1684358P0421614C_Qn_B0Fmm00_PB0PCcZNC0909_B64mA1la0R0vxxxxxx_000A07fBIsc_xBCxxxXxxFgxxn_DQ02_PlusOne_Ps_550002E7,IP_CBB::FUN_CORE_CBB::DRGMLCSBFT_CORE_VMIN_K_CHKCBBIAF1_HPTP_IA_X_F1_SIGOFF_SPEED,fun_core_drgmlc_vcccore_CHKCBBIAF1_speed_hiso_list,20,50.4,50.4,50.0,50.8,0.1703,49.995,35.105
CTRL1,1,0,89,d1684578P0421600C_Qp_B0Fmm00_PB0PCcZNC0909_B64mA1la0R0vxxxxxx_000A07fBIsc_xBCxxxXxxFgxxn_DQ02_PlusOne_Mhd_550002E0,IP_CBB::FUN_CORE_CBB::DRGMLCSBFT_CORE_VMIN_K_CHKCBBIAF1_HPTP_IA_X_F1_SIGOFF_SPEED,fun_core_drgmlc_vcccore_CHKCBBIAF1_speed_hiso_list,20,42.895,42.9,42.2,43.5,0.3708,41.09,36.415
CTRL1,1,0,90,d1684562P0421603C_QO_B0Fmm00_PB0PCcZNC0909_B64mA1la0R0vxxxxxx_000A07fBIsc_xBCxxxXxxFgxxn_DQ02_PlusOne_Mhs_550002DD,IP_CBB::FUN_CORE_CBB::DRGMLCSBFT_CORE_VMIN_K_CHKCBBIAF1_HPTP_IA_X_F1_SIGOFF_SPEED,fun_core_drgmlc_vcccore_CHKCBBIAF1_speed_hiso_list,20,50.865,50.8,50.4,52.2,0.4163,50.365,35.285
CTRL1,1,0,91,d1700808P0422464C_RL_B0Fmm00_PB0PCcZNC0909_B64mA1la0R0vxxxxxx_000A07fBIsc_xBCxxxXxxFgxxn_DQ02_LeekSpin_Y_551002C0,IP_CBB::FUN_CORE_CBB::DRGMLCSBFT_CORE_VMIN_K_CHKCBBIAF1_HPTP_IA_X_F1_SIGOFF_SPEED,fun_core_drgmlc_vcccore_CHKCBBIAF1_speed_hiso_list,20,42.13,42.2,38.7,46.0,2.1253,40.12,34.475
CTRL1,1,0,92,d1682898P0420909C_RH_B0Fmm00_PB0PCcZNC0909_B64mA1la0R0vxxxxxx_000A07fBIsc_xBCxxxXxxFgxxn_DQ02_Blender_A1J_550000EB,IP_CBB::FUN_CORE_CBB::DRGMLCSBFT_CORE_VMIN_K_CHKCBBIAF1_HPTP_IA_X_F1_SIGOFF_SPEED,fun_core_drgmlc_vcccore_CHKCBBIAF1_speed_hiso_list,20,42.645,42.65,41.7,43.6,0.4307,41.565,34.82
CTRL1,1,0,93,d1684088P0421406C_Px_B0Fmm00_PB0PCcZNC0909_B64mA1la0R0vxxxxxx_000A07fBIsc_xBCxxxXxxFgxxn_DQ02_Flipper_550001CE,IP_CBB::FUN_CORE_CBB::DRGMLCSBFT_CORE_VMIN_K_CHKCBBIAF1_HPTP_IA_X_F1_SIGOFF_SPEED,fun_core_drgmlc_vcccore_CHKCBBIAF1_speed_hiso_list,20,40.49,40.5,39.8,41.3,0.2982,40.21,35.105
CTRL1,2,0,0,d1701150P0774509C_N1_B0Fmm00_PB0PCcZNC0909_B64mA1la0R0vxxxxxx_000A07fBIsc_xBCxxxXxxFgxxn_DM02_Custom_APX_FF282250_better_fix,IP_CBB::FUN_CORE_CBB::DRGMLCSBFT_CORE_VMIN_K_CHKCBBIAF1_HPTP_IA_X_F1_SIGOFF_SPEED,fun_core_drgmlc_vcccore_CHKCBBIAF1_speed_hiso_list,20,37.245,37.2,36.8,37.8,0.191,37.11,36.695
CTRL1,2,0,1,d1682706P0420888C_N1_B0Fmm00_PB0PCcZNC0909_B64mA1la0R0vxxxxxx_000A07fBIsc_xBCxxxXxxFgxxn_DQ02_0Demo_55000171,IP_CBB::FUN_CORE_CBB::DRGMLCSBFT_CORE_VMIN_K_CHKCBBIAF1_HPTP_IA_X_F1_SIGOFF_SPEED,fun_core_drgmlc_vcccore_CHKCBBIAF1_speed_hiso_list,20,38.58,38.8,35.6,40.0,0.796,38.49,32.84
CTRL1,2,0,2,d1684732P0421776C_N0_B0Fmm00_PB0PCcZNC0909_B64mA1la0R0vxxxxxx_000A07fBIsc_xBCxxxXxxFgxxn_DQ02_0Sanity_TSC_550002EA,IP_CBB::FUN_CORE_CBB::DRGMLCSBFT_CORE_VMIN_K_CHKCBBIAF1_HPTP_IA_X_F1_SIGOFF_SPEED,fun_core_drgmlc_vcccore_CHKCBBIAF1_speed_hiso_list,20,34.04,32.8,32.6,41.4,2.7244,34.005,32.48
CTRL1,2,0,3,d1682760P0420999C_N5_B0Fmm00_PB0PCcZNC0909_B64mA1la0R0vxxxxxx_000A07fBIsc_xBCxxxXxxFgxxn_DQ02_0SanityPR_P_550002F0,IP_CBB::FUN_CORE_CBB::DRGMLCSBFT_CORE_VMIN_K_CHKCBBIAF1_HPTP_IA_X_F1_SIGOFF_SPEED,fun_core_drgmlc_vcccore_CHKCBBIAF1_speed_hiso_list,20,34.065,32.6,32.4,40.7,3.0404,34.055,32.36
CTRL1,2,0,4,d1683744P0421332C_Nb_B0Fmm00_PB0PCcZNC0909_B64mA1la0R0vxxxxxx_000A07fBIsc_xBCxxxXxxFgxxn_DQ02_0Sanity_MEM_550002ED,IP_CBB::FUN_CORE_CBB::DRGMLCSBFT_CORE_VMIN_K_CHKCBBIAF1_HPTP_IA_X_F1_SIGOFF_SPEED,fun_core_drgmlc_vcccore_CHKCBBIAF1_speed_hiso_list,20,34.635,32.85,32.6,40.9,2.9704,34.635,32.49
CTRL1,2,0,5,d1682686P0420889C_N9_B0Fmm00_PB0PCcZNC0909_B64mA1la0R0vxxxxxx_000A07fBIsc_xBCxxxXxxFgxxn_DQ02_0Sanity_VMX_550002EB,IP_CBB::FUN_CORE_CBB::DRGMLCSBFT_CORE_VMIN_K_CHKCBBIAF1_HPTP_IA_X_F1_SIGOFF_SPEED,fun_core_drgmlc_vcccore_CHKCBBIAF1_speed_hiso_list,20,37.215,36.8,36.3,40.0,1.0326,36.92,33.305
CTRL1,2,0,6,d1683114P0421110C_Mz_B0Fmm00_PB0PCcZNC0909_B64mA1la0R0vxxxxxx_000A07fBIsc_xBCxxxXxxFgxxn_DQ02_0SanityPR_V_550002EF,IP_CBB::FUN_CORE_CBB::DRGMLCSBFT_CORE_VMIN_K_CHKCBBIAF1_HPTP_IA_X_F1_SIGOFF_SPEED,fun_core_drgmlc_vcccore_CHKCBBIAF1_speed_hiso_list,20,37.56,36.85,36.6,40.3,1.3181,37.0,33.42
CTRL1,2,0,7,d1684149P0421443C_N2_B0Fmm00_PB0PCcZNC0909_B64mA1la0R0vxxxxxx_000A07fBIsc_xBCxxxXxxFgxxn_DQ02_0Sanity_MSR_550002EE,IP_CBB::FUN_CORE_CBB::DRGMLCSBFT_CORE_VMIN_K_CHKCBBIAF1_HPTP_IA_X_F1_SIGOFF_SPEED,fun_core_drgmlc_vcccore_CHKCBBIAF1_speed_hiso_list,20,33.99,32.7,32.6,39.8,2.5219,32.97,32.42
CTRL1,2,0,8,d1683471P0421221C_N2_B0Fmm00_PB0PCcZNC0909_B64mA1la0R0vxxxxxx_000A07fBIsc_xBCxxxXxxFgxxn_DQ02_0Sanity_ISA_550002EC,IP_CBB::FUN_CORE_CBB::DRGMLCSBFT_CORE_VMIN_K_CHKCBBIAF1_HPTP_IA_X_F1_SIGOFF_SPEED,fun_core_drgmlc_vcccore_CHKCBBIAF1_speed_hiso_list,20,34.415,32.6,32.4,40.6,3.166,34.4,32.345
CTRL1,2,0,9,d1684394P0421554C_NZ_B0Fmm00_PB0PCcZNC0909_B64mA1la0R0vxxxxxx_000A07fBIsc_xBCxxxXxxFgxxn_DQ02_0Sanity_MUC_550002E8,IP_CBB::FUN_CORE_CBB::DRGMLCSBFT_CORE_VMIN_K_CHKCBBIAF1_HPTP_IA_X_F1_SIGOFF_SPEED,fun_core_drgmlc_vcccore_CHKCBBIAF1_speed_hiso_list,20,34.29,32.6,32.5,39.6,2.9173,33.565,32.345
CTRL1,2,0,10,d1700360P0421919C_RJ_B0Fmm00_PB0PCcZNC0909_B64mA1la0R0vxxxxxx_000A07fBIsc_xBCxxxXxxFgxxn_DQ02_Blender_Z1J_55100063,IP_CBB::FUN_CORE_CBB::DRGMLCSBFT_CORE_VMIN_K_CHKCBBIAF1_HPTP_IA_X_F1_SIGOFF_SPEED,fun_core_drgmlc_vcccore_CHKCBBIAF1_speed_hiso_list,20,43.94,43.95,43.2,45.1,0.4247,41.58,34.295
CTRL1,2,0,11,d1683148P0421047C_RL_B0Fmm00_PB0PCcZNC0909_B64mA1la0R0vxxxxxx_000A07fBIsc_xBCxxxXxxFgxxn_DQ02_Blender_Z1J_5500007B,IP_CBB::FUN_CORE_CBB::DRGMLCSBFT_CORE_VMIN_K_CHKCBBIAF1_HPTP_IA_X_F1_SIGOFF_SPEED,fun_core_drgmlc_vcccore_CHKCBBIAF1_speed_hiso_list,20,41.55,41.7,38.2,42.1,0.8152,39.865,34.185
CTRL1,2,0,12,d1684185P0421417C_RI_B0Fmm00_PB0PCcZNC0909_B64mA1la0R0vxxxxxx_000A07fBIsc_xBCxxxXxxFgxxn_DQ02_Frenzy_X_550001E4,IP_CBB::FUN_CORE_CBB::DRGMLCSBFT_CORE_VMIN_K_CHKCBBIAF1_HPTP_IA_X_F1_SIGOFF_SPEED,fun_core_drgmlc_vcccore_CHKCBBIAF1_speed_hiso_list,20,40.665,40.7,40.3,40.9,0.1526,40.43,34.885
CTRL1,2,0,13,d1684474P0421551C_RL_B0Fmm00_PB0PCcZNC0909_B64mA1la0R0vxxxxxx_000A07fBIsc_xBCxxxXxxFgxxn_DQ02_LeekSpin_Y_550002A6,IP_CBB::FUN_CORE_CBB::DRGMLCSBFT_CORE_VMIN_K_CHKCBBIAF1_HPTP_IA_X_F1_SIGOFF_SPEED,fun_core_drgmlc_vcccore_CHKCBBIAF1_speed_hiso_list,20,44.32,44.05,42.1,48.4,1.7107,40.275,33.94
CTRL1,2,0,14,d1700809P0422454C_RL_B0Fmm00_PB0PCcZNC0909_B64mA1la0R0vxxxxxx_000A07fBIsc_xBCxxxXxxFgxxn_DQ02_LeekSpin_Y_551002A8,IP_CBB::FUN_CORE_CBB::DRGMLCSBFT_CORE_VMIN_K_CHKCBBIAF1_HPTP_IA_X_F1_SIGOFF_SPEED,fun_core_drgmlc_vcccore_CHKCBBIAF1_speed_hiso_list,20,40.515,41.5,37.6,43.0,1.9863,38.435,34.39
CTRL1,2,0,15,d1700351P0421886C_Qs_B0Fmm00_PB0PCcZNC0909_B64mA1la0R0vxxxxxx_000A07fBIsc_xBCxxxXxxFgxxn_DQ02_Blender_Z1J_55100029,IP_CBB::FUN_CORE_CBB::DRGMLCSBFT_CORE_VMIN_K_CHKCBBIAF1_HPTP_IA_X_F1_SIGOFF_SPEED,fun_core_drgmlc_vcccore_CHKCBBIAF1_speed_hiso_list,20,40.725,40.6,40.3,42.3,0.4097,40.09,34.53
CTRL1,2,0,16,d1684510P0421637C_No_B0Fmm00_PB0PCcZNC0909_B64mA1la0R0vxxxxxx_000A07fBIsc_xBCxxxXxxFgxxn_DQ02_Scylla_NDX_55000320,IP_CBB::FUN_CORE_CBB::DRGMLCSBFT_CORE_VMIN_K_CHKCBBIAF1_HPTP_IA_X_F1_SIGOFF_SPEED,fun_core_drgmlc_vcccore_CHKCBBIAF1_speed_hiso_list,20,40.455,40.65,39.4,41.2,0.6217,39.17,34.03
CTRL1,2,0,17,d1700577P0422258C_RL_B0Fmm00_PB0PCcZNC0909_B64mA1la0R0vxxxxxx_000A07fBIsc_xBCxxxXxxFgxxn_DQ02_Aes_DZ_5510000C,IP_CBB::FUN_CORE_CBB::DRGMLCSBFT_CORE_VMIN_K_CHKCBBIAF1_HPTP_IA_X_F1_SIGOFF_SPEED,fun_core_drgmlc_vcccore_CHKCBBIAF1_speed_hiso_list,20,43.93,43.7,41.1,52.9,2.9386,41.715,34.165
CTRL1,2,0,18,d1700322P0421946C_RL_B0Fmm00_PB0PCcZNC0909_B64mA1la0R0vxxxxxx_000A07fBIsc_xBCxxxXxxFgxxn_DQ02_Blender_Z1J_5510008B,IP_CBB::FUN_CORE_CBB::DRGMLCSBFT_CORE_VMIN_K_CHKCBBIAF1_HPTP_IA_X_F1_SIGOFF_SPEED,fun_core_drgmlc_vcccore_CHKCBBIAF1_speed_hiso_list,20,41.955,41.5,41.0,43.8,0.9442,39.65,32.7
CTRL1,2,0,19,d1684770P0421691C_RL_B0Fmm00_PB0PCcZNC0909_B64mA1la0R0vxxxxxx_000A07fBIsc_xBCxxxXxxFgxxn_DQ02_Skipper_Y_5500033D,IP_CBB::FUN_CORE_CBB::DRGMLCSBFT_CORE_VMIN_K_CHKCBBIAF1_HPTP_IA_X_F1_SIGOFF_SPEED,fun_core_drgmlc_vcccore_CHKCBBIAF1_speed_hiso_list,20,43.915,44.0,42.9,44.7,0.4187,42.47,32.415
CTRL1,2,0,20,d1700290P0421951C_RL_B0Fmm00_PB0PCcZNC0909_B64mA1la0R0vxxxxxx_000A07fBIsc_xBCxxxXxxFgxxn_DQ02_Blender_Z1J_55100093,IP_CBB::FUN_CORE_CBB::DRGMLCSBFT_CORE_VMIN_K_CHKCBBIAF1_HPTP_IA_X_F1_SIGOFF_SPEED,fun_core_drgmlc_vcccore_CHKCBBIAF1_speed_hiso_list,20,41.805,41.7,41.3,42.4,0.3485,40.6,33.025
CTRL1,2,0,21,d1684319P0421655C_O2_B0Fmm00_PB0PCcZNC0909_B64mA1la0R0vxxxxxx_000A07fBIsc_xBCxxxXxxFgxxn_DQ02_Scylla_NDY_55000327,IP_CBB::FUN_CORE_CBB::DRGMLCSBFT_CORE_VMIN_K_CHKCBBIAF1_HPTP_IA_X_F1_SIGOFF_SPEED,fun_core_drgmlc_vcccore_CHKCBBIAF1_speed_hiso_list,20,41.76,41.85,40.8,42.7,0.5953,40.625,33.04
CTRL1,2,0,22,d1682933P0420925C_RL_B0Fmm00_PB0PCcZNC0909_B64mA1la0R0vxxxxxx_000A07fBIsc_xBCxxxXxxFgxxn_DQ02_Blender_A1J_5500010D,IP_CBB::FUN_CORE_CBB::DRGMLCSBFT_CORE_VMIN_K_CHKCBBIAF1_HPTP_IA_X_F1_SIGOFF_SPEED,fun_core_drgmlc_vcccore_CHKCBBIAF1_speed_hiso_list,20,44.5,44.3,41.7,47.7,2.396,42.615,35.065
CTRL1,2,0,23,d1683992P0421356C_RL_B0Fmm00_PB0PCcZNC0909_B64mA1la0R0vxxxxxx_000A07fBIsc_xBCxxxXxxFgxxn_DQ02_FRM_SqrtSZ_55000273,IP_CBB::FUN_CORE_CBB::DRGMLCSBFT_CORE_VMIN_K_CHKCBBIAF1_HPTP_IA_X_F1_SIGOFF_SPEED,fun_core_drgmlc_vcccore_CHKCBBIAF1_speed_hiso_list,20,41.955,41.95,40.8,42.5,0.3667,40.84,34.0
CTRL1,2,0,24,d1684969P0421790C_RL_B0Fmm00_PB0PCcZNC0909_B64mA1la0R0vxxxxxx_000A07fBIsc_xBCxxxXxxFgxxn_DQ02_Blender_A1J_55000099,IP_CBB::FUN_CORE_CBB::DRGMLCSBFT_CORE_VMIN_K_CHKCBBIAF1_HPTP_IA_X_F1_SIGOFF_SPEED,fun_core_drgmlc_vcccore_CHKCBBIAF1_speed_hiso_list,20,42.74,42.55,39.9,44.6,1.0062,40.835,34.04
CTRL1,2,0,25,d1701070P0422519C_RL_B0Fmm00_PB0PCcZNC0909_B64mA1la0R0vxxxxxx_000A07fBIsc_xBCxxxXxxFgxxn_DQ02_Satsuma_Z_551002F2,IP_CBB::FUN_CORE_CBB::DRGMLCSBFT_CORE_VMIN_K_CHKCBBIAF1_HPTP_IA_X_F1_SIGOFF_SPEED,fun_core_drgmlc_vcccore_CHKCBBIAF1_speed_hiso_list,20,41.14,41.2,40.5,41.8,0.376,40.58,34.01
CTRL1,2,0,26,d1700801P0422468C_RL_B0Fmm00_PB0PCcZNC0909_B64mA1la0R0vxxxxxx_000A07fBIsc_xBCxxxXxxFgxxn_DQ02_LeekSpin_Z_5510029E,IP_CBB::FUN_CORE_CBB::DRGMLCSBFT_CORE_VMIN_K_CHKCBBIAF1_HPTP_IA_X_F1_SIGOFF_SPEED,fun_core_drgmlc_vcccore_CHKCBBIAF1_speed_hiso_list,20,41.98,42.5,40.0,43.6,1.1864,39.965,34.055
CTRL1,2,0,27,d1683139P0421038C_RL_B0Fmm00_PB0PCcZNC0909_B64mA1la0R0vxxxxxx_000A07fBIsc_xBCxxxXxxFgxxn_DQ02_Blender_Z1J_55000071,IP_CBB::FUN_CORE_CBB::DRGMLCSBFT_CORE_VMIN_K_CHKCBBIAF1_HPTP_IA_X_F1_SIGOFF_SPEED,fun_core_drgmlc_vcccore_CHKCBBIAF1_speed_hiso_list,20,44.48,44.7,42.9,45.8,0.7646,43.71,34.835
CTRL1,2,0,28,d1682942P0420998C_RJ_B0Fmm00_PB0PCcZNC0909_B64mA1la0R0vxxxxxx_000A07fBIsc_xBCxxxXxxFgxxn_DQ02_Blender_Z1J_55000035,IP_CBB::FUN_CORE_CBB::DRGMLCSBFT_CORE_VMIN_K_CHKCBBIAF1_HPTP_IA_X_F1_SIGOFF_SPEED,fun_core_drgmlc_vcccore_CHKCBBIAF1_speed_hiso_list,20,43.22,42.8,42.2,51.8,1.9886,42.14,35.235
CTRL1,2,0,29,d1684369P0421610C_RL_B0Fmm00_PB0PCcZNC0909_B64mA1la0R0vxxxxxx_000A07fBIsc_xBCxxxXxxFgxxn_DQ02_Blender_A1J_55000048,IP_CBB::FUN_CORE_CBB::DRGMLCSBFT_CORE_VMIN_K_CHKCBBIAF1_HPTP_IA_X_F1_SIGOFF_SPEED,fun_core_drgmlc_vcccore_CHKCBBIAF1_speed_hiso_list,20,40.545,40.6,40.2,41.0,0.183,40.08,34.11
CTRL1,2,0,30,d1700648P0422247C_RL_B0Fmm00_PB0PCcZNC0909_B64mA1la0R0vxxxxxx_000A07fBIsc_xBCxxxXxxFgxxn_DQ02_Aes_DZ_55100008,IP_CBB::FUN_CORE_CBB::DRGMLCSBFT_CORE_VMIN_K_CHKCBBIAF1_HPTP_IA_X_F1_SIGOFF_SPEED,fun_core_drgmlc_vcccore_CHKCBBIAF1_speed_hiso_list,20,42.28,41.9,40.9,44.0,1.2699,39.88,32.72
CTRL1,2,0,31,d1682976P0421009C_RJ_B0Fmm00_PB0PCcZNC0909_B64mA1la0R0vxxxxxx_000A07fBIsc_xBCxxxXxxFgxxn_DQ02_Blender_Z1J_55000047,IP_CBB::FUN_CORE_CBB::DRGMLCSBFT_CORE_VMIN_K_CHKCBBIAF1_HPTP_IA_X_F1_SIGOFF_SPEED,fun_core_drgmlc_vcccore_CHKCBBIAF1_speed_hiso_list,20,42.04,42.05,41.7,42.8,0.2691,40.985,34.1
CTRL1,2,0,32,d1683985P0421352C_RL_B0Fmm00_PB0PCcZNC0909_B64mA1la0R0vxxxxxx_000A07fBIsc_xBCxxxXxxFgxxn_DQ02_FRM_SqrtSZ_5500022B,IP_CBB::FUN_CORE_CBB::DRGMLCSBFT_CORE_VMIN_K_CHKCBBIAF1_HPTP_IA_X_F1_SIGOFF_SPEED,fun_core_drgmlc_vcccore_CHKCBBIAF1_speed_hiso_list,20,42.225,42.65,38.9,45.4,1.8676,39.65,33.955
CTRL1,2,0,33,d1684458P0421539C_RL_B0Fmm00_PB0PCcZNC0909_B64mA1la0R0vxxxxxx_000A07fBIsc_xBCxxxXxxFgxxn_DQ02_LeekSpin_X_550002B3,IP_CBB::FUN_CORE_CBB::DRGMLCSBFT_CORE_VMIN_K_CHKCBBIAF1_HPTP_IA_X_F1_SIGOFF_SPEED,fun_core_drgmlc_vcccore_CHKCBBIAF1_speed_hiso_list,20,40.91,39.9,39.3,45.8,1.9261,39.75,34.38
CTRL1,2,0,34,d1700669P0422260C_RL_B0Fmm00_PB0PCcZNC0909_B64mA1la0R0vxxxxxx_000A07fBIsc_xBCxxxXxxFgxxn_DQ02_FRM_SqrtSZ_55100263,IP_CBB::FUN_CORE_CBB::DRGMLCSBFT_CORE_VMIN_K_CHKCBBIAF1_HPTP_IA_X_F1_SIGOFF_SPEED,fun_core_drgmlc_vcccore_CHKCBBIAF1_speed_hiso_list,20,40.425,40.55,34.1,43.3,1.7008,39.76,34.295
CTRL1,2,0,35,d1684485P0421631C_Nt_B0Fmm00_PB0PCcZNC0909_B64mA1la0R0vxxxxxx_000A07fBIsc_xBCxxxXxxFgxxn_DQ02_Scylla_NDX_55000302,IP_CBB::FUN_CORE_CBB::DRGMLCSBFT_CORE_VMIN_K_CHKCBBIAF1_HPTP_IA_X_F1_SIGOFF_SPEED,fun_core_drgmlc_vcccore_CHKCBBIAF1_speed_hiso_list,20,39.775,39.75,38.2,41.1,0.8887,38.95,32.28
CTRL1,2,0,36,d1683272P0421101C_RK_B0Fmm00_PB0PCcZNC0909_B64mA1la0R0vxxxxxx_000A07fBIsc_xBCxxxXxxFgxxn_DQ02_Blender_Z1J_550000E2,IP_CBB::FUN_CORE_CBB::DRGMLCSBFT_CORE_VMIN_K_CHKCBBIAF1_HPTP_IA_X_F1_SIGOFF_SPEED,fun_core_drgmlc_vcccore_CHKCBBIAF1_speed_hiso_list,20,44.365,44.5,42.3,44.9,0.5189,42.47,34.055
CTRL1,2,0,37,d1682887P0420905C_RL_B0Fmm00_PB0PCcZNC0909_B64mA1la0R0vxxxxxx_000A07fBIsc_xBCxxxXxxFgxxn_DQ02_Blender_A1J_550000E3,IP_CBB::FUN_CORE_CBB::DRGMLCSBFT_CORE_VMIN_K_CHKCBBIAF1_HPTP_IA_X_F1_SIGOFF_SPEED,fun_core_drgmlc_vcccore_CHKCBBIAF1_speed_hiso_list,20,40.79,39.95,38.7,42.7,1.279,39.775,34.355
CTRL1,2,0,38,d1683232P0421076C_RL_B0Fmm00_PB0PCcZNC0909_B64mA1la0R0vxxxxxx_000A07fBIsc_xBCxxxXxxFgxxn_DQ02_Blender_Z1J_550000B5,IP_CBB::FUN_CORE_CBB::DRGMLCSBFT_CORE_VMIN_K_CHKCBBIAF1_HPTP_IA_X_F1_SIGOFF_SPEED,fun_core_drgmlc_vcccore_CHKCBBIAF1_speed_hiso_list,20,46.935,47.1,44.7,47.6,0.6077,44.84,34.405
CTRL1,2,0,39,d1701139P0422605C_RL_B0Fmm00_PB0PCcZNC0909_B64mA1la0R0vxxxxxx_000A07fBIsc_xBCxxxXxxFgxxn_DQ02_Skipper_Z_55100334,IP_CBB::FUN_CORE_CBB::DRGMLCSBFT_CORE_VMIN_K_CHKCBBIAF1_HPTP_IA_X_F1_SIGOFF_SPEED,fun_core_drgmlc_vcccore_CHKCBBIAF1_speed_hiso_list,20,44.29,44.3,43.9,44.7,0.2166,43.95,37.755
CTRL1,2,0,40,d1700291P0421800C_RL_B0Fmm00_PB0PCcZNC0909_B64mA1la0R0vxxxxxx_000A07fBIsc_xBCxxxXxxFgxxn_DQ02_Blender_A1J_551000BF,IP_CBB::FUN_CORE_CBB::DRGMLCSBFT_CORE_VMIN_K_CHKCBBIAF1_HPTP_IA_X_F1_SIGOFF_SPEED,fun_core_drgmlc_vcccore_CHKCBBIAF1_speed_hiso_list,20,41.68,41.8,39.2,42.5,0.6384,40.285,34.415
CTRL1,2,0,41,d1684234P0421444C_RL_B0Fmm00_PB0PCcZNC0909_B64mA1la0R0vxxxxxx_000A07fBIsc_xBCxxxXxxFgxxn_DQ02_Aes_SDZ_5500000E,IP_CBB::FUN_CORE_CBB::DRGMLCSBFT_CORE_VMIN_K_CHKCBBIAF1_HPTP_IA_X_F1_SIGOFF_SPEED,fun_core_drgmlc_vcccore_CHKCBBIAF1_speed_hiso_list,20,43.58,42.85,41.9,52.8,2.4459,42.17,39.44
CTRL1,2,0,42,d1700759P0422194C_RL_B0Fmm00_PB0PCcZNC0909_B64mA1la0R0vxxxxxx_000A07fBIsc_xBCxxxXxxFgxxn_DQ02_FRM_CMultSZ_55100232,IP_CBB::FUN_CORE_CBB::DRGMLCSBFT_CORE_VMIN_K_CHKCBBIAF1_HPTP_IA_X_F1_SIGOFF_SPEED,fun_core_drgmlc_vcccore_CHKCBBIAF1_speed_hiso_list,20,43.445,43.65,42.5,44.3,0.6383,42.215,34.285
CTRL1,2,0,43,d1700349P0421917C_RL_B0Fmm00_PB0PCcZNC0909_B64mA1la0R0vxxxxxx_000A07fBIsc_xBCxxxXxxFgxxn_DQ02_Blender_Z1J_5510005E,IP_CBB::FUN_CORE_CBB::DRGMLCSBFT_CORE_VMIN_K_CHKCBBIAF1_HPTP_IA_X_F1_SIGOFF_SPEED,fun_core_drgmlc_vcccore_CHKCBBIAF1_speed_hiso_list,20,43.535,43.5,43.0,44.1,0.2762,41.485,34.345
CTRL1,2,0,44,d1683290P0421108C_Qr_B0Fmm00_PB0PCcZNC0909_B64mA1la0R0vxxxxxx_000A07fBIsc_xBCxxxXxxFgxxn_DQ02_Blender_Z1J_550000F1,IP_CBB::FUN_CORE_CBB::DRGMLCSBFT_CORE_VMIN_K_CHKCBBIAF1_HPTP_IA_X_F1_SIGOFF_SPEED,fun_core_drgmlc_vcccore_CHKCBBIAF1_speed_hiso_list,20,44.335,44.15,43.3,45.5,0.7552,43.14,34.545
CTRL1,2,0,45,d1700448P0421846C_RL_B0Fmm00_PB0PCcZNC0909_B64mA1la0R0vxxxxxx_000A07fBIsc_xBCxxxXxxFgxxn_DQ02_Blender_W1J_5510009A,IP_CBB::FUN_CORE_CBB::DRGMLCSBFT_CORE_VMIN_K_CHKCBBIAF1_HPTP_IA_X_F1_SIGOFF_SPEED,fun_core_drgmlc_vcccore_CHKCBBIAF1_speed_hiso_list,20,40.41,39.35,37.5,45.8,2.5399,38.2,34.115
CTRL1,2,0,46,d1683131P0421048C_RH_B0Fmm00_PB0PCcZNC0909_B64mA1la0R0vxxxxxx_000A07fBIsc_xBCxxxXxxFgxxn_DQ02_Blender_Z1J_5500007C,IP_CBB::FUN_CORE_CBB::DRGMLCSBFT_CORE_VMIN_K_CHKCBBIAF1_HPTP_IA_X_F1_SIGOFF_SPEED,fun_core_drgmlc_vcccore_CHKCBBIAF1_speed_hiso_list,20,41.625,41.85,38.5,42.2,0.7848,40.345,33.18
CTRL1,2,0,47,d1700303P0421975C_Qu_B0Fmm00_PB0PCcZNC0909_B64mA1la0R0vxxxxxx_000A07fBIsc_xBCxxxXxxFgxxn_DQ02_Blender_Z1J_551000BE,IP_CBB::FUN_CORE_CBB::DRGMLCSBFT_CORE_VMIN_K_CHKCBBIAF1_HPTP_IA_X_F1_SIGOFF_SPEED,fun_core_drgmlc_vcccore_CHKCBBIAF1_speed_hiso_list,20,42.625,42.6,42.3,42.9,0.1841,42.33,35.175
CTRL1,2,0,48,d1683276P0421068C_RL_B0Fmm00_PB0PCcZNC0909_B64mA1la0R0vxxxxxx_000A07fBIsc_xBCxxxXxxFgxxn_DQ02_Blender_Z1J_550000A5,IP_CBB::FUN_CORE_CBB::DRGMLCSBFT_CORE_VMIN_K_CHKCBBIAF1_HPTP_IA_X_F1_SIGOFF_SPEED,fun_core_drgmlc_vcccore_CHKCBBIAF1_speed_hiso_list,20,43.625,43.7,42.0,44.1,0.4085,42.125,34.255
CTRL1,2,0,49,d1700763P0422302C_RL_B0Fmm00_PB0PCcZNC0909_B64mA1la0R0vxxxxxx_000A07fBIsc_xBCxxxXxxFgxxn_DQ02_Aes_FZ_5510000D,IP_CBB::FUN_CORE_CBB::DRGMLCSBFT_CORE_VMIN_K_CHKCBBIAF1_HPTP_IA_X_F1_SIGOFF_SPEED,fun_core_drgmlc_vcccore_CHKCBBIAF1_speed_hiso_list,20,43.685,43.6,42.7,45.3,0.484,43.13,34.0
CTRL1,2,0,50,d1700294P0421799C_RL_B0Fmm00_PB0PCcZNC0909_B64mA1la0R0vxxxxxx_000A07fBIsc_xBCxxxXxxFgxxn_DQ02_Blender_A1J_551000BC,IP_CBB::FUN_CORE_CBB::DRGMLCSBFT_CORE_VMIN_K_CHKCBBIAF1_HPTP_IA_X_F1_SIGOFF_SPEED,fun_core_drgmlc_vcccore_CHKCBBIAF1_speed_hiso_list,20,43.29,44.25,34.1,46.1,2.6998,39.355,34.01
CTRL1,2,0,51,d1700461P0422008C_RL_B0Fmm00_PB0PCcZNC0909_B64mA1la0R0vxxxxxx_000A07fBIsc_xBCxxxXxxFgxxn_DQ02_Blender_Z1J_551000EC,IP_CBB::FUN_CORE_CBB::DRGMLCSBFT_CORE_VMIN_K_CHKCBBIAF1_HPTP_IA_X_F1_SIGOFF_SPEED,fun_core_drgmlc_vcccore_CHKCBBIAF1_speed_hiso_list,20,43.9,44.45,40.7,45.2,1.2288,41.69,34.055
CTRL1,2,0,52,d1700618P0422149C_RL_B0Fmm00_PB0PCcZNC0909_B64mA1la0R0vxxxxxx_000A07fBIsc_xBCxxxXxxFgxxn_DQ02_Ditto_MACZ_55100173,IP_CBB::FUN_CORE_CBB::DRGMLCSBFT_CORE_VMIN_K_CHKCBBIAF1_HPTP_IA_X_F1_SIGOFF_SPEED,fun_core_drgmlc_vcccore_CHKCBBIAF1_speed_hiso_list,20,44.83,44.8,43.9,45.5,0.3422,43.025,34.11
CTRL1,2,0,53,d1700638P0422215C_RL_B0Fmm00_PB0PCcZNC0909_B64mA1la0R0vxxxxxx_000A07fBIsc_xBCxxxXxxFgxxn_DQ02_FRM_DivDZ_55100239,IP_CBB::FUN_CORE_CBB::DRGMLCSBFT_CORE_VMIN_K_CHKCBBIAF1_HPTP_IA_X_F1_SIGOFF_SPEED,fun_core_drgmlc_vcccore_CHKCBBIAF1_speed_hiso_list,20,42.555,43.45,40.5,44.6,1.5641,40.775,34.03
CTRL1,2,0,54,d1684899P0421719C_RL_B0Fmm00_PB0PCcZNC0909_B64mA1la0R0vxxxxxx_000A07fBIsc_xBCxxxXxxFgxxn_DQ02_Twiddle_3Y_55000353,IP_CBB::FUN_CORE_CBB::DRGMLCSBFT_CORE_VMIN_K_CHKCBBIAF1_HPTP_IA_X_F1_SIGOFF_SPEED,fun_core_drgmlc_vcccore_CHKCBBIAF1_speed_hiso_list,20,40.02,40.35,36.9,48.0,2.6799,37.875,33.46
CTRL1,2,0,55,d1684176P0421434C_RI_B0Fmm00_PB0PCcZNC0909_B64mA1la0R0vxxxxxx_000A07fBIsc_xBCxxxXxxFgxxn_DQ02_Frenzy_Y_550001E3,IP_CBB::FUN_CORE_CBB::DRGMLCSBFT_CORE_VMIN_K_CHKCBBIAF1_HPTP_IA_X_F1_SIGOFF_SPEED,fun_core_drgmlc_vcccore_CHKCBBIAF1_speed_hiso_list,20,39.975,39.9,39.6,40.5,0.2718,39.565,34.405
CTRL1,2,0,56,d1684596P0421608C_Qr_B0Fmm00_PB0PCcZNC0909_B64mA1la0R0vxxxxxx_000A07fBIsc_xBCxxxXxxFgxxn_DQ02_PlusOne_Pd_550002E2,IP_CBB::FUN_CORE_CBB::DRGMLCSBFT_CORE_VMIN_K_CHKCBBIAF1_HPTP_IA_X_F1_SIGOFF_SPEED,fun_core_drgmlc_vcccore_CHKCBBIAF1_speed_hiso_list,20,52.235,52.2,51.7,52.6,0.2651,50.375,34.05
CTRL1,2,0,57,d1700354P0421817C_RL_B0Fmm00_PB0PCcZNC0909_B64mA1la0R0vxxxxxx_000A07fBIsc_xBCxxxXxxFgxxn_DQ02_Blender_A1J_55100105,IP_CBB::FUN_CORE_CBB::DRGMLCSBFT_CORE_VMIN_K_CHKCBBIAF1_HPTP_IA_X_F1_SIGOFF_SPEED,fun_core_drgmlc_vcccore_CHKCBBIAF1_speed_hiso_list,20,42.13,41.4,40.8,44.3,1.2137,40.585,34.025
CTRL1,2,0,58,d1683872P0421302C_RL_B0Fmm00_PB0PCcZNC0909_B64mA1la0R0vxxxxxx_000A07fBIsc_xBCxxxXxxFgxxn_DQ02_FRM_CvtISZ_55000238,IP_CBB::FUN_CORE_CBB::DRGMLCSBFT_CORE_VMIN_K_CHKCBBIAF1_HPTP_IA_X_F1_SIGOFF_SPEED,fun_core_drgmlc_vcccore_CHKCBBIAF1_speed_hiso_list,20,44.345,44.15,43.4,45.4,0.6176,41.435,33.93
CTRL1,2,0,59,d1700374P0421965C_RF_B0Fmm00_PB0PCcZNC0909_B64mA1la0R0vxxxxxx_000A07fBIsc_xBCxxxXxxFgxxn_DQ02_Blender_Z1J_551000AC,IP_CBB::FUN_CORE_CBB::DRGMLCSBFT_CORE_VMIN_K_CHKCBBIAF1_HPTP_IA_X_F1_SIGOFF_SPEED,fun_core_drgmlc_vcccore_CHKCBBIAF1_speed_hiso_list,20,42.84,42.8,42.3,43.3,0.2596,41.71,34.36
CTRL1,2,0,60,d1700463P0422006C_RL_B0Fmm00_PB0PCcZNC0909_B64mA1la0R0vxxxxxx_000A07fBIsc_xBCxxxXxxFgxxn_DQ02_Blender_Z1J_551000E9,IP_CBB::FUN_CORE_CBB::DRGMLCSBFT_CORE_VMIN_K_CHKCBBIAF1_HPTP_IA_X_F1_SIGOFF_SPEED,fun_core_drgmlc_vcccore_CHKCBBIAF1_speed_hiso_list,20,41.545,40.2,39.5,49.2,2.5196,39.685,34.88
CTRL1,2,0,61,d1683166P0421051C_RL_B0Fmm00_PB0PCcZNC0909_B64mA1la0R0vxxxxxx_000A07fBIsc_xBCxxxXxxFgxxn_DQ02_Blender_Z1J_55000080,IP_CBB::FUN_CORE_CBB::DRGMLCSBFT_CORE_VMIN_K_CHKCBBIAF1_HPTP_IA_X_F1_SIGOFF_SPEED,fun_core_drgmlc_vcccore_CHKCBBIAF1_speed_hiso_list,20,45.44,45.7,42.9,46.3,0.927,43.05,34.225
CTRL1,2,0,62,d1700474P0422012C_RJ_B0Fmm00_PB0PCcZNC0909_B64mA1la0R0vxxxxxx_000A07fBIsc_xBCxxxXxxFgxxn_DQ02_Blender_Z1J_551000F2,IP_CBB::FUN_CORE_CBB::DRGMLCSBFT_CORE_VMIN_K_CHKCBBIAF1_HPTP_IA_X_F1_SIGOFF_SPEED,fun_core_drgmlc_vcccore_CHKCBBIAF1_speed_hiso_list,20,40.615,40.5,40.2,42.2,0.5199,40.105,33.625
CTRL1,2,0,63,d1682996P0420907C_RG_B0Fmm00_PB0PCcZNC0909_B64mA1la0R0vxxxxxx_000A07fBIsc_xBCxxxXxxFgxxn_DQ02_Blender_A1J_550000E6,IP_CBB::FUN_CORE_CBB::DRGMLCSBFT_CORE_VMIN_K_CHKCBBIAF1_HPTP_IA_X_F1_SIGOFF_SPEED,fun_core_drgmlc_vcccore_CHKCBBIAF1_speed_hiso_list,20,40.265,39.1,38.2,44.2,1.8556,38.495,33.85
CTRL1,2,0,64,d1700377P0421806C_RL_B0Fmm00_PB0PCcZNC0909_B64mA1la0R0vxxxxxx_000A07fBIsc_xBCxxxXxxFgxxn_DQ02_Blender_A1J_551000D6,IP_CBB::FUN_CORE_CBB::DRGMLCSBFT_CORE_VMIN_K_CHKCBBIAF1_HPTP_IA_X_F1_SIGOFF_SPEED,fun_core_drgmlc_vcccore_CHKCBBIAF1_speed_hiso_list,20,42.875,42.7,42.0,44.0,0.5787,41.735,35.7
CTRL1,2,0,65,d1684470P0421550C_RL_B0Fmm00_PB0PCcZNC0909_B64mA1la0R0vxxxxxx_000A07fBIsc_xBCxxxXxxFgxxn_DQ02_LeekSpin_Y_550002A3,IP_CBB::FUN_CORE_CBB::DRGMLCSBFT_CORE_VMIN_K_CHKCBBIAF1_HPTP_IA_X_F1_SIGOFF_SPEED,fun_core_drgmlc_vcccore_CHKCBBIAF1_speed_hiso_list,20,39.325,38.1,37.6,43.1,1.863,37.94,34.27
CTRL1,2,0,66,d1683890P0421315C_RL_B0Fmm00_PB0PCcZNC0909_B64mA1la0R0vxxxxxx_000A07fBIsc_xBCxxxXxxFgxxn_DQ02_FRM_DivSZ_55000237,IP_CBB::FUN_CORE_CBB::DRGMLCSBFT_CORE_VMIN_K_CHKCBBIAF1_HPTP_IA_X_F1_SIGOFF_SPEED,fun_core_drgmlc_vcccore_CHKCBBIAF1_speed_hiso_list,20,44.12,44.65,34.3,45.5,2.3121,42.4,33.99
CTRL1,2,0,67,d1700269P0421931C_RL_B0Fmm00_PB0PCcZNC0909_B64mA1la0R0vxxxxxx_000A07fBIsc_xBCxxxXxxFgxxn_DQ02_Blender_Z1J_55100078,IP_CBB::FUN_CORE_CBB::DRGMLCSBFT_CORE_VMIN_K_CHKCBBIAF1_HPTP_IA_X_F1_SIGOFF_SPEED,fun_core_drgmlc_vcccore_CHKCBBIAF1_speed_hiso_list,20,44.61,44.35,40.2,52.6,2.4091,42.255,35.605
CTRL1,2,0,68,d1684500P0421635C_No_B0Fmm00_PB0PCcZNC0909_B64mA1la0R0vxxxxxx_000A07fBIsc_xBCxxxXxxFgxxn_DQ02_Scylla_NDX_55000314,IP_CBB::FUN_CORE_CBB::DRGMLCSBFT_CORE_VMIN_K_CHKCBBIAF1_HPTP_IA_X_F1_SIGOFF_SPEED,fun_core_drgmlc_vcccore_CHKCBBIAF1_speed_hiso_list,20,39.79,39.75,38.6,41.3,0.63,38.87,32.92
CTRL1,2,0,69,d1700431P0421837C_RL_B0Fmm00_PB0PCcZNC0909_B64mA1la0R0vxxxxxx_000A07fBIsc_xBCxxxXxxFgxxn_DQ02_Blender_W1J_55100067,IP_CBB::FUN_CORE_CBB::DRGMLCSBFT_CORE_VMIN_K_CHKCBBIAF1_HPTP_IA_X_F1_SIGOFF_SPEED,fun_core_drgmlc_vcccore_CHKCBBIAF1_speed_hiso_list,20,42.855,42.9,42.4,43.1,0.1857,41.995,33.64
CTRL1,2,0,70,d1684202P0421447C_RL_B0Fmm00_PB0PCcZNC0909_B64mA1la0R0vxxxxxx_000A07fBIsc_xBCxxxXxxFgxxn_DQ02_Frenzy_Y_5500021A,IP_CBB::FUN_CORE_CBB::DRGMLCSBFT_CORE_VMIN_K_CHKCBBIAF1_HPTP_IA_X_F1_SIGOFF_SPEED,fun_core_drgmlc_vcccore_CHKCBBIAF1_speed_hiso_list,20,40.045,39.9,39.5,41.8,0.5025,39.67,34.525
CTRL1,2,0,71,d1684292P0421648C_Nw_B0Fmm00_PB0PCcZNC0909_B64mA1la0R0vxxxxxx_000A07fBIsc_xBCxxxXxxFgxxn_DQ02_Scylla_NDY_55000315,IP_CBB::FUN_CORE_CBB::DRGMLCSBFT_CORE_VMIN_K_CHKCBBIAF1_HPTP_IA_X_F1_SIGOFF_SPEED,fun_core_drgmlc_vcccore_CHKCBBIAF1_speed_hiso_list,20,41.74,41.6,40.2,43.3,0.9891,39.215,34.27
CTRL1,2,0,72,d1700588P0422221C_RL_B0Fmm00_PB0PCcZNC0909_B64mA1la0R0vxxxxxx_000A07fBIsc_xBCxxxXxxFgxxn_DQ02_FRM_DivSZ_5510023F,IP_CBB::FUN_CORE_CBB::DRGMLCSBFT_CORE_VMIN_K_CHKCBBIAF1_HPTP_IA_X_F1_SIGOFF_SPEED,fun_core_drgmlc_vcccore_CHKCBBIAF1_speed_hiso_list,20,43.68,44.2,34.2,44.5,2.1819,42.44,33.955
CTRL1,2,0,73,d1683982P0421329C_RL_B0Fmm00_PB0PCcZNC0909_B64mA1la0R0vxxxxxx_000A07fBIsc_xBCxxxXxxFgxxn_DQ02_FRM_MMulSSZ_55000244,IP_CBB::FUN_CORE_CBB::DRGMLCSBFT_CORE_VMIN_K_CHKCBBIAF1_HPTP_IA_X_F1_SIGOFF_SPEED,fun_core_drgmlc_vcccore_CHKCBBIAF1_speed_hiso_list,20,42.32,42.2,41.9,43.6,0.4069,41.835,34.045
CTRL1,2,0,74,d1700764P0422401C_RL_B0Fmm00_PB0PCcZNC0909_B64mA1la0R0vxxxxxx_000A07fBIsc_xBCxxxXxxFgxxn_DQ02_Fuso_5510027B,IP_CBB::FUN_CORE_CBB::DRGMLCSBFT_CORE_VMIN_K_CHKCBBIAF1_HPTP_IA_X_F1_SIGOFF_SPEED,fun_core_drgmlc_vcccore_CHKCBBIAF1_speed_hiso_list,20,41.565,41.55,40.9,42.5,0.3005,41.215,33.92
CTRL1,2,0,75,d1682993P0420894C_RL_B0Fmm00_PB0PCcZNC0909_B64mA1la0R0vxxxxxx_000A07fBIsc_xBCxxxXxxFgxxn_DQ02_Blender_A1J_550000AB,IP_CBB::FUN_CORE_CBB::DRGMLCSBFT_CORE_VMIN_K_CHKCBBIAF1_HPTP_IA_X_F1_SIGOFF_SPEED,fun_core_drgmlc_vcccore_CHKCBBIAF1_speed_hiso_list,20,45.67,45.45,43.9,47.0,0.7727,42.25,34.125
CTRL1,2,0,76,d1684581P0421566C_RL_B0Fmm00_PB0PCcZNC0909_B64mA1la0R0vxxxxxx_000A07fBIsc_xBCxxxXxxFgxxn_DQ02_Blender_A1J_5500003E,IP_CBB::FUN_CORE_CBB::DRGMLCSBFT_CORE_VMIN_K_CHKCBBIAF1_HPTP_IA_X_F1_SIGOFF_SPEED,fun_core_drgmlc_vcccore_CHKCBBIAF1_speed_hiso_list,20,42.18,42.8,39.4,43.2,1.0889,41.445,34.685
CTRL1,2,0,77,d1700805P0422460C_RL_B0Fmm00_PB0PCcZNC0909_B64mA1la0R0vxxxxxx_000A07fBIsc_xBCxxxXxxFgxxn_DQ02_LeekSpin_Y_551002B4,IP_CBB::FUN_CORE_CBB::DRGMLCSBFT_CORE_VMIN_K_CHKCBBIAF1_HPTP_IA_X_F1_SIGOFF_SPEED,fun_core_drgmlc_vcccore_CHKCBBIAF1_speed_hiso_list,20,41.455,40.05,39.4,44.9,2.1264,39.765,34.345
CTRL1,2,0,78,d1700992P0422643C_Qv_B0Fmm00_PB0PCcZNC0909_B64mA1la0R0vxxxxxx_000A07fBIsc_xBCxxxXxxFgxxn_DQ02_Yakko_WdZ_5510035D,IP_CBB::FUN_CORE_CBB::DRGMLCSBFT_CORE_VMIN_K_CHKCBBIAF1_HPTP_IA_X_F1_SIGOFF_SPEED,fun_core_drgmlc_vcccore_CHKCBBIAF1_speed_hiso_list,20,39.11,39.1,38.6,39.6,0.2427,38.49,33.77
CTRL1,2,0,79,d1700295P0421874C_RL_B0Fmm00_PB0PCcZNC0909_B64mA1la0R0vxxxxxx_000A07fBIsc_xBCxxxXxxFgxxn_DQ02_Blender_W1J_55100112,IP_CBB::FUN_CORE_CBB::DRGMLCSBFT_CORE_VMIN_K_CHKCBBIAF1_HPTP_IA_X_F1_SIGOFF_SPEED,fun_core_drgmlc_vcccore_CHKCBBIAF1_speed_hiso_list,20,44.835,44.9,42.9,45.8,0.5659,42.64,34.05
CTRL1,2,0,80,d1684351P0421508C_RL_B0Fmm00_PB0PCcZNC0909_B64mA1la0R0vxxxxxx_000A07fBIsc_xBCxxxXxxFgxxn_DQ02_Fuso_55000284,IP_CBB::FUN_CORE_CBB::DRGMLCSBFT_CORE_VMIN_K_CHKCBBIAF1_HPTP_IA_X_F1_SIGOFF_SPEED,fun_core_drgmlc_vcccore_CHKCBBIAF1_speed_hiso_list,20,42.49,42.5,42.2,42.8,0.164,42.295,35.085
CTRL1,2,0,81,d1701119P0422659C_Qp_B0Fmm00_PB0PCcZNC0909_B64mA1la0R0vxxxxxx_000A07fBIsc_xBCxxxXxxFgxxn_DQ02_Yakko_WhZ_5510035B,IP_CBB::FUN_CORE_CBB::DRGMLCSBFT_CORE_VMIN_K_CHKCBBIAF1_HPTP_IA_X_F1_SIGOFF_SPEED,fun_core_drgmlc_vcccore_CHKCBBIAF1_speed_hiso_list,20,40.11,40.15,39.7,40.5,0.2142,39.09,34.26
CTRL1,2,0,82,d1684735P0421674C_RL_B0Fmm00_PB0PCcZNC0909_B64mA1la0R0vxxxxxx_000A07fBIsc_xBCxxxXxxFgxxn_DQ02_Scylla_SNDY_55000319,IP_CBB::FUN_CORE_CBB::DRGMLCSBFT_CORE_VMIN_K_CHKCBBIAF1_HPTP_IA_X_F1_SIGOFF_SPEED,fun_core_drgmlc_vcccore_CHKCBBIAF1_speed_hiso_list,20,42.315,42.5,41.1,43.5,0.5388,40.705,33.44
CTRL1,2,0,83,d1700296P0421954C_RL_B0Fmm00_PB0PCcZNC0909_B64mA1la0R0vxxxxxx_000A07fBIsc_xBCxxxXxxFgxxn_DQ02_Blender_Z1J_55100096,IP_CBB::FUN_CORE_CBB::DRGMLCSBFT_CORE_VMIN_K_CHKCBBIAF1_HPTP_IA_X_F1_SIGOFF_SPEED,fun_core_drgmlc_vcccore_CHKCBBIAF1_speed_hiso_list,20,39.93,39.9,39.5,40.6,0.2452,38.855,34.155
CTRL1,2,0,84,d1682892P0420951C_RL_B0Fmm00_PB0PCcZNC0909_B64mA1la0R0vxxxxxx_000A07fBIsc_xBCxxxXxxFgxxn_DQ02_Blender_W1J_5500007A,IP_CBB::FUN_CORE_CBB::DRGMLCSBFT_CORE_VMIN_K_CHKCBBIAF1_HPTP_IA_X_F1_SIGOFF_SPEED,fun_core_drgmlc_vcccore_CHKCBBIAF1_speed_hiso_list,20,43.71,43.75,43.1,44.0,0.2447,42.485,34.61
CTRL1,2,0,85,d1700670P0422174C_RL_B0Fmm00_PB0PCcZNC0909_B64mA1la0R0vxxxxxx_000A07fBIsc_xBCxxxXxxFgxxn_DQ02_FRM_AddDZ_55100268,IP_CBB::FUN_CORE_CBB::DRGMLCSBFT_CORE_VMIN_K_CHKCBBIAF1_HPTP_IA_X_F1_SIGOFF_SPEED,fun_core_drgmlc_vcccore_CHKCBBIAF1_speed_hiso_list,20,41.315,41.35,41.0,41.8,0.1931,39.635,34.035
CTRL1,2,0,86,d1682889P0420981C_RK_B0Fmm00_PB0PCcZNC0909_B64mA1la0R0vxxxxxx_000A07fBIsc_xBCxxxXxxFgxxn_DQ02_Blender_W1J_550000E9,IP_CBB::FUN_CORE_CBB::DRGMLCSBFT_CORE_VMIN_K_CHKCBBIAF1_HPTP_IA_X_F1_SIGOFF_SPEED,fun_core_drgmlc_vcccore_CHKCBBIAF1_speed_hiso_list,20,41.2,41.25,40.7,41.5,0.2236,39.445,33.55
CTRL1,2,0,87,d1700965P0422485C_RL_B0Fmm00_PB0PCcZNC0909_B64mA1la0R0vxxxxxx_000A07fBIsc_xBCxxxXxxFgxxn_DQ02_Oakley_LegX_551002CA,IP_CBB::FUN_CORE_CBB::DRGMLCSBFT_CORE_VMIN_K_CHKCBBIAF1_HPTP_IA_X_F1_SIGOFF_SPEED,fun_core_drgmlc_vcccore_CHKCBBIAF1_speed_hiso_list,20,39.75,40.0,38.3,41.4,1.0735,38.995,34.235
CTRL1,2,0,88,d1684358P0421614C_Qn_B0Fmm00_PB0PCcZNC0909_B64mA1la0R0vxxxxxx_000A07fBIsc_xBCxxxXxxFgxxn_DQ02_PlusOne_Ps_550002E7,IP_CBB::FUN_CORE_CBB::DRGMLCSBFT_CORE_VMIN_K_CHKCBBIAF1_HPTP_IA_X_F1_SIGOFF_SPEED,fun_core_drgmlc_vcccore_CHKCBBIAF1_speed_hiso_list,20,49.5,49.5,49.1,49.9,0.2324,49.085,34.58
CTRL1,2,0,89,d1684578P0421600C_Qp_B0Fmm00_PB0PCcZNC0909_B64mA1la0R0vxxxxxx_000A07fBIsc_xBCxxxXxxFgxxn_DQ02_PlusOne_Mhd_550002E0,IP_CBB::FUN_CORE_CBB::DRGMLCSBFT_CORE_VMIN_K_CHKCBBIAF1_HPTP_IA_X_F1_SIGOFF_SPEED,fun_core_drgmlc_vcccore_CHKCBBIAF1_speed_hiso_list,20,41.83,41.9,41.1,42.3,0.2934,40.805,35.31
CTRL1,2,0,90,d1684562P0421603C_QO_B0Fmm00_PB0PCcZNC0909_B64mA1la0R0vxxxxxx_000A07fBIsc_xBCxxxXxxFgxxn_DQ02_PlusOne_Mhs_550002DD,IP_CBB::FUN_CORE_CBB::DRGMLCSBFT_CORE_VMIN_K_CHKCBBIAF1_HPTP_IA_X_F1_SIGOFF_SPEED,fun_core_drgmlc_vcccore_CHKCBBIAF1_speed_hiso_list,20,49.915,49.9,49.2,50.5,0.2954,49.475,34.875
CTRL1,2,0,91,d1700808P0422464C_RL_B0Fmm00_PB0PCcZNC0909_B64mA1la0R0vxxxxxx_000A07fBIsc_xBCxxxXxxFgxxn_DQ02_LeekSpin_Y_551002C0,IP_CBB::FUN_CORE_CBB::DRGMLCSBFT_CORE_VMIN_K_CHKCBBIAF1_HPTP_IA_X_F1_SIGOFF_SPEED,fun_core_drgmlc_vcccore_CHKCBBIAF1_speed_hiso_list,20,41.45,41.8,38.0,46.3,2.3295,39.815,34.095
CTRL1,2,0,92,d1682898P0420909C_RH_B0Fmm00_PB0PCcZNC0909_B64mA1la0R0vxxxxxx_000A07fBIsc_xBCxxxXxxFgxxn_DQ02_Blender_A1J_550000EB,IP_CBB::FUN_CORE_CBB::DRGMLCSBFT_CORE_VMIN_K_CHKCBBIAF1_HPTP_IA_X_F1_SIGOFF_SPEED,fun_core_drgmlc_vcccore_CHKCBBIAF1_speed_hiso_list,20,41.785,41.8,41.0,42.3,0.326,40.685,34.25
CTRL1,2,0,93,d1684088P0421406C_Px_B0Fmm00_PB0PCcZNC0909_B64mA1la0R0vxxxxxx_000A07fBIsc_xBCxxxXxxFgxxn_DQ02_Flipper_550001CE,IP_CBB::FUN_CORE_CBB::DRGMLCSBFT_CORE_VMIN_K_CHKCBBIAF1_HPTP_IA_X_F1_SIGOFF_SPEED,fun_core_drgmlc_vcccore_CHKCBBIAF1_speed_hiso_list,20,39.7,39.65,39.1,40.7,0.3017,39.4,34.38
